Center,Week,Number of Patients,Average Time to Get Served,Average Time to Get Served (Urgent),Average Time to Get Served (Semi-Urgent),Average Time to Get Served (Non-Urgent),Patient Satisfaction Scores,Number of Readmissions,Number of Medical Licenses Presented,Number of Staff Training Hours,Utilization of Equiment & Resources,Number of  Supplies Ordered/Consumed,Turnover Rate of Staff,Average Cost per Patient,Number of Outpatient Appointments,Number of Emergency Room Visits,Number of Surgical Procedures Performed,Bed Occupancy Rate,Timestamp
A,10,4200,28,7,20,32,3,35,106,501,60,8224,7,696,2962,470,210,76,26-07-2024 20:25
B,10,3920,25,7,13,29,6,42,102,315,56,6868,8,336,2307,315,196,65,26-07-2024 20:25
C,10,4480,42,9,26,34,3,32,138,779,77,7700,9,364,1540,458,245,81,26-07-2024 20:25
D,10,1400,12,2,5,11,3,14,14,134,91,2429,11,210,1019,35,14,50,26-07-2024 20:25
E,10,1260,13,2,7,14,3,8,18,118,53,1801,13,196,585,51,11,45,26-07-2024 20:25
F,10,1510,8,4,8,20,3,9,11,73,69,2565,12,175,533,21,13,40,26-07-2024 20:25
G,10,1506,21,3,5,11,4,14,11,111,58,1610,11,221,491,25,14,42,26-07-2024 20:25
H,10,840,13,1,3,6,3,5,17,63,50,1260,7,161,546,18,6,48,26-07-2024 20:25
I,10,887,6,2,3,7,6,4,7,95,48,1050,17,219,280,14,4,32,26-07-2024 20:25
J,10,1176,10,2,4,15,5,13,12,74,46,2560,14,278,760,27,8,51.6,26-07-2024 20:25
K,10,1064,9,2,4,8,3,6,10,124,49,2182,9,168,734,32,6,38.6,26-07-2024 20:25
L,10,1179,9,2,4,11,4,4,8,123,88,1711,8,147,334,15,4,32,26-07-2024 20:25
M,10,1904,8,4,8,14,4,6,9,63,70,1260,10,158,529,37,5,35,26-07-2024 20:25
N,10,1055,7,2,4,8,3,4,7,53,51,980,9,253,328,15,4,30,26-07-2024 20:25
O,10,1292,11,2,9,20,5,6,13,71,46,1330,9,216,786,35,11,51,26-07-2024 20:25
P,10,672,6,1,2,5,3,4,12,49,49,910,7,133,418,13,4,28,26-07-2024 20:25
Q,10,952,8,3,7,7,3,4,9,63,46,2647,13,322,378,29,5,35,26-07-2024 20:25
R,10,630,6,1,2,7,3,4,6,85,56,840,8,245,252,12,2,25,26-07-2024 20:25
S,10,840,8,2,5,11,3,7,8,56,58,1190,8,147,336,17,4,32,26-07-2024 20:25
T,10,583,9,1,2,7,4,3,5,43,48,770,6,125,285,13,2,23,26-07-2024 20:25
U,10,784,7,2,3,10,3,4,15,53,76,1539,7,140,308,14,4,28,26-07-2024 20:25
V,10,504,4,2,4,6,3,1,6,64,55,630,5,177,358,8,1,22,26-07-2024 20:25
W,10,728,6,2,2,5,3,3,15,49,67,1853,13,260,294,15,3,28,26-07-2024 20:25
X,10,448,4,1,2,3,6,1,7,32,48,966,6,155,402,8,1,18,26-07-2024 20:25
A,11,6441,41,18,32,54,3,35,120,350,96,12632,10,350,2092,526,210,83,26-07-2024 20:25
B,11,6690,26,11,22,50,3,62,63,412,99,6300,8,446,1260,444,242,85,26-07-2024 20:25
C,11,6348,20,11,39,88,5,61,161,420,63,10865,8,364,1540,420,245,83,26-07-2024 20:25
D,11,1400,11,4,5,11,3,13,27,210,49,2100,11,,858,55,14,56,26-07-2024 20:25
E,11,1854,17,6,9,14,3,18,22,109,71,1750,22,317,490,28,13,45,26-07-2024 20:25
F,11,980,11,2,6,13,5,8,11,70,53,1400,18,206,420,21,7,40,26-07-2024 20:25
G,11,1120,17,3,6,10,4,8,14,131,48,1651,17,372,890,45,15,42,26-07-2024 20:25
H,11,1037,9,2,4,8,3,6,11,63,91,1700,9,161,416,33,6,46,26-07-2024 20:25
I,11,700,8,1,2,5,5,4,7,56,48,1050,10,295,280,21,4,38,26-07-2024 20:25
J,11,1176,20,2,4,9,3,6,12,133,62,2465,20,386,476,38,8,40,26-07-2024 20:25
K,11,1726,9,4,10,13,3,9,16,67,104,1470,9,340,512,25,6,56,26-07-2024 20:25
L,11,1392,11,4,5,11,3,6,8,68,87,1533,8,147,315,15,5,32,26-07-2024 20:25
M,11,896,8,3,5,7,3,7,9,118,46,1260,15,314,531,38,5,35,26-07-2024 20:25
N,11,728,15,3,5,5,3,3,8,53,48,980,8,140,294,16,6,40.6,26-07-2024 20:25
O,11,1008,13,2,3,8,3,6,14,67,46,1330,14,,504,20,6,37,26-07-2024 20:25
P,11,672,11,2,3,5,3,7,6,49,49,1402,7,188,431,21,2,28,26-07-2024 20:25
Q,11,1058,8,2,4,8,3,8,9,108,46,1260,9,154,531,19,9,35,26-07-2024 20:25
R,11,1131,10,3,4,16,6,4,11,48,48,1715,6,208,252,12,2,25,26-07-2024 20:25
S,11,1542,9,3,5,14,5,4,15,56,46,1209,8,308,594,31,9,32,26-07-2024 20:25
T,11,955,5,3,7,15,3,2,5,87,58,924,12,119,238,11,1,23,26-07-2024 20:25
U,11,784,13,1,3,6,3,4,16,53,44,1050,7,140,349,19,4,38,26-07-2024 20:25
V,11,504,4,1,3,4,5,3,6,69,48,630,9,194,210,8,1,24,26-07-2024 20:25
W,11,728,9,1,4,6,5,3,7,49,46,1204,7,133,358,13,4,28,26-07-2024 20:25
X,11,557,6,1,3,5,5,2,4,32,68,560,4,121,254,7,1,18,26-07-2024 20:25
A,12,4200,21,7,14,62,3,49,129,558,60,7000,14,350,2269,572,210,76,26-07-2024 20:25
B,12,4561,25,8,31,50,3,42,63,315,56,9031,12,336,1260,315,227,95,26-07-2024 20:25
C,12,7464,28,12,27,56,5,32,118,420,63,7700,9,591,1540,420,245,91,26-07-2024 20:25
D,12,1400,11,2,5,18,4,8,14,105,49,4414,11,210,560,58,15,76,26-07-2024 20:25
E,12,1260,18,2,7,15,3,8,17,84,46,2699,23,196,490,28,14,49.5,26-07-2024 20:25
F,12,980,12,3,4,11,6,6,19,86,53,1400,8,202,420,21,7,40,26-07-2024 20:25
G,12,1120,11,2,4,16,4,13,17,80,96,2015,11,189,455,39,8,42,26-07-2024 20:25
H,12,840,7,2,5,6,3,5,8,98,96,1260,9,277,350,37,8,35,26-07-2024 20:25
I,12,700,13,1,5,5,3,4,7,56,48,1050,10,224,301,18,4,33,26-07-2024 20:25
J,12,1678,16,3,6,23,3,6,23,74,46,2844,21,182,610,27,10,40,26-07-2024 20:25
K,12,2133.81,10,4,7,16,3,6,10,86,69,2333,16,168,807,22,6,44,26-07-2024 20:25
L,12,1624,8,4,5,23,3,6,12,60,48,1608,14,203,387,29,4,32,26-07-2024 20:25
M,12,1433,16,2,5,11,3,6,9,63,79,1260,11,245,730,36,9,35,26-07-2024 20:25
N,12,728,7,2,2,5,3,5,7,53,48,980,13,264,294,21,5,30,26-07-2024 20:25
O,12,1008,13,2,3,8,4,6,14,69,46,2174,9,204,821,20,12,37,26-07-2024 20:25
P,12,1211,7,2,5,9,5,4,6,56,49,1255,8,172,266,13,2,28,26-07-2024 20:25
Q,12,952,14,3,6,15,3,7,12,63,75,1260,8,154,517,28,6,35,26-07-2024 20:25
R,12,964,9,2,3,12,3,3,6,88,49,1500,10,265,331,20,4,25,26-07-2024 20:25
S,12,1441,13,4,5,11,3,4,8,56,46,1515,8,147,336,17,7,37,26-07-2024 20:25
T,12,833,5,3,3,8,5,3,5,57,48,770,9,119,238,18,1,23,26-07-2024 20:25
U,12,798,15,2,4,6,3,7,14,76,70,1050,8,150,308,14,4,37,26-07-2024 20:25
V,12,504,7,1,3,4,5,1,4,70,48,630,10,105,220,15,1,29,26-07-2024 20:25
W,12,806,12,1,5,6,5,4,7,50,50,1677,8,161,386,13,5,28,26-07-2024 20:25
X,12,450,4,1,2,6,4,2,6,32,89,1072,4,98,316,7,1,18,26-07-2024 20:25
A,13,5370,30,9,30,40,4,35,75,350,71,8907,7,350,1758,350,210,100,26-07-2024 20:25
B,13,6802,25,18,23,51,4,61,67,315,109,6990,8,473,1260,493,196,65,26-07-2024 20:25
C,13,4480,20,12,15,37,3,32,157,648,125,7700,6,364,2266,855,245,93,26-07-2024 20:25
D,13,2557,20,9,12,28,3,7,14,105,66,2218,11,210,1062,53,16,67,26-07-2024 20:25
E,13,1734,13,3,6,13,3,15,18,123,69,2248,13,329,917,45,11,45,26-07-2024 20:25
F,13,980,8,2,6,14,5,9,19,70,53,2257,8,175,420,21,14,46,26-07-2024 20:25
G,13,1120,14,2,6,8,5,15,14,89,48,2543,20,189,895,25,8,51,26-07-2024 20:25
H,13,988,13,2,7,10,5,8,8,63,50,2055,7,161,350,23,6,35,26-07-2024 20:25
I,13,700,6,1,2,8,5,4,9,56,48,1909,13,175,323,14,7,30,26-07-2024 20:25
J,13,1780,10,6,9,26,5,6,12,157,79,3579,17,339,476,45,8,40,26-07-2024 20:25
K,13,1236,14,2,7,9,3,6,10,67,49,1603,18,191,406,28,13,38,26-07-2024 20:25
L,13,1515,11,3,5,13,3,6,8,103,48,1120,8,147,315,21,6,39,26-07-2024 20:25
M,13,1409,18,3,6,13,4,5,15,63,54,1260,10,158,496,40,5,35,26-07-2024 20:25
N,13,728,7,1,2,6,4,4,15,79,48,999,11,140,484,18,3,32,26-07-2024 20:25
O,13,1008,9,2,4,8,6,6,20,89,69,2042,19,236,392,39,6,37,26-07-2024 20:25
P,13,855,6,1,3,6,6,4,7,88,74,1057,7,133,518,13,4,28,26-07-2024 20:25
Q,13,951,8,2,4,7,3,8,19,129,46,1260,8,154,378,23,5,43,26-07-2024 20:25
R,13,1018,6,3,3,8,5,5,11,46,48,996,12,126,471,19,2,25,26-07-2024 20:25
S,13,1513,13,3,7,11,3,4,8,56,46,2070,15,147,336,17,8,32,26-07-2024 20:25
T,13,560,5,1,2,6,3,2,8,59,65,770,6,119,256,21,1,23,26-07-2024 20:25
U,13,784,8,2,3,6,3,4,8,53,81,1834,12,293,574,23,4,28,26-07-2024 20:25
V,13,504,4,1,2,4,4,1,4,44,90,630,9,168,423,9,1,20,26-07-2024 20:25
W,13,795,10,3,3,12,4,5,13,49,46,980,7,154,294,13,5,28,26-07-2024 20:25
X,13,448,5,1,1,5,4,1,4,59,53,560,7,98,196,10,1,18,26-07-2024 20:25
A,14,8301,28,14,28,67,4,59,70,567,90,9475,8,350,1400,602,273,77,26-07-2024 20:25
B,14,5148,33,12,19,76,3,42,63,659,56,12852,8,336,1287,607,380,65,26-07-2024 20:25
C,14,6414,33,11,31,48,5,32,152,887,63,7700,6,364,1540,420,245,75,26-07-2024 20:25
D,14,1400,11,3,5,11,3,7,14,105,95,2100,18,387,560,44,21,50,26-07-2024 20:25
E,14,1260,13,4,4,9,3,8,13,167,72,3252,16,196,490,32,11,45,26-07-2024 20:25
F,14,1780,8,3,6,21,4,11,11,70,53,2570,13,175,629,30,7,40,26-07-2024 20:25
G,14,1214,22,4,4,19,5,8,11,77,84,1610,13,189,906,41,8,42,26-07-2024 20:25
H,14,840,13,2,3,7,5,5,8,92,94,2283,7,161,398,26,6,35,26-07-2024 20:25
I,14,1340,12,2,7,10,6,4,7,110,83,1050,10,154,280,28,4,30,26-07-2024 20:25
J,14,1376,10,2,7,10,3,12,18,118,46,1983,17,246,476,37,8,40,26-07-2024 20:25
K,14,1976,9,3,7,25,3,6,14,127,76,1470,9,301,449,22,6,38,26-07-2024 20:25
L,14,1664,10,4,6,24,3,4,8,126,63,2099,13,273,381,32,7,34,26-07-2024 20:25
M,14,1775,13,4,6,13,4,8,9,63,92,1260,10,299,364,20,6,35,26-07-2024 20:25
N,14,728,7,1,2,11,4,3,15,68,48,980,8,206,294,23,3,30.6,26-07-2024 20:25
O,14,2018,11,3,14,15,3,6,10,92,49,1330,9,165,715,20,11,37,26-07-2024 20:25
P,14,672,6,1,2,11,3,4,10,49,94,910,7,256,280,19,2,28,26-07-2024 20:25
Q,14,952,9,2,3,9,4,4,9,133,46,2458,8,154,378,19,9,45,26-07-2024 20:25
R,14,1081,10,2,4,8,5,3,10,97,48,1041,7,227,252,12,3,25,26-07-2024 20:25
S,14,840,16,1,3,6,3,6,15,120,50,2276,9,230,336,30,8,32,26-07-2024 20:25
T,14,560,8,2,4,4,4,3,10,42,48,770,6,133,269,11,2,23,26-07-2024 20:25
U,14,784,15,1,4,11,3,6,10,68,88,1113,7,140,308,14,4,28,26-07-2024 20:25
V,14,736,6,1,2,7,5,1,5,46,48,630,5,105,413,8,1,20,26-07-2024 20:25
W,14,728,13,1,4,5,3,4,7,49,62,980,7,133,370,20,4,28,26-07-2024 20:25
X,14,561,4,2,3,7,3,2,6,32,96,560,4,152,388,13,1,18,26-07-2024 20:25
A,15,4200,21,7,25,46,3,35,70,350,91,7000,9,494,2551,350,324,76,26-07-2024 20:25
B,15,4488,49,7,26,55,3,55,80,315,109,6300,14,400,1559,407,196,85,26-07-2024 20:25
C,15,4480,40,15,15,34,6,45,77,420,63,7700,10,364,1540,420,245,86.25,26-07-2024 20:25
D,15,2385,22,8,8,30,3,7,22,105,49,4250,14,404,560,35,25,50,26-07-2024 20:25
E,15,1715,13,4,8,23,3,14,17,84,50,1750,13,196,490,41,11,45,26-07-2024 20:25
F,15,980,8,2,6,10,6,6,17,78,110,2555,8,175,420,21,9,40,26-07-2024 20:25
G,15,1120,11,2,5,8,3,15,11,138,83,2932,18,213,455,46,15,42,26-07-2024 20:25
H,15,1247,14,3,4,13,4,8,8,63,50,1260,9,231,350,18,7,35,26-07-2024 20:25
I,15,748,6,1,3,6,3,4,9,89,76,1296,17,154,280,18,4,30,26-07-2024 20:25
J,15,1176,17,2,7,9,3,6,20,74,84,1680,11,182,476,27,10,40,26-07-2024 20:25
K,15,1152,9,2,6,9,3,12,12,67,49,1685,9,341,406,27,7,38,26-07-2024 20:25
L,15,784,8,1,3,6,3,4,10,60,56,1987,8,298,315,15,4,32,26-07-2024 20:25
M,15,1193,9,2,7,9,3,10,18,83,46,2411,10,263,516,31,5,44,26-07-2024 20:25
N,15,1259,7,2,8,9,3,4,9,54,93,1166,8,185,477,18,3,44,26-07-2024 20:25
O,15,1489,9,3,5,11,3,6,14,127,69,2550,11,276,441,20,7,46,26-07-2024 20:25
P,15,672,9,2,4,5,4,4,10,49,101,1440,11,205,266,13,2,41,26-07-2024 20:25
Q,15,952,9,2,3,10,4,8,9,69,71,1405,8,154,378,39,5,35,26-07-2024 20:25
R,15,1150,6,4,6,18,3,6,6,80,58,1233,8,204,252,12,4,25,26-07-2024 20:25
S,15,840,8,1,4,9,3,4,12,113,87,2009,8,147,555,25,8,32,26-07-2024 20:25
T,15,560,6,2,2,7,3,2,5,81,102,1598,9,246,238,11,2,25,26-07-2024 20:25
U,15,1563,7,3,5,12,3,4,15,53,44,1367,8,295,308,23,4,28,26-07-2024 20:25
V,15,504,4,1,2,4,6,1,4,60,62,630,10,199,389,9,1,21,26-07-2024 20:25
W,15,1514,11,3,8,21,4,6,7,66,93,1104,9,142,294,18,3,28,26-07-2024 20:25
X,15,448,4,1,1,3,3,2,4,32,48,931,4,98,268,7,1,18,26-07-2024 20:25
A,16,8013,21,25,27,60,6,67,97,701,60,12565,7,350,1798,350,210,80,26-07-2024 20:25
B,16,4195,36,10,14,32,4,42,63,404,94,8542,8,621,1260,315,322,65,26-07-2024 20:25
C,16,4548,20,8,28,49,3,49,77,584,111,7700,9,364,3034,420,457,75,26-07-2024 20:25
D,16,2345,14,4,9,24,3,7,30,105,103,2100,11,248,900,55,14,50,26-07-2024 20:25
E,16,2111,13,7,7,22,4,16,23,84,46,1750,13,373,490,28,18,45,26-07-2024 20:25
F,16,1707,8,6,6,26,3,9,11,142,53,1400,8,175,437,21,15,57,26-07-2024 20:25
G,16,2097,11,4,8,24,3,13,23,77,48,1610,22,189,890,31,8,42,26-07-2024 20:25
H,16,840,7,2,3,6,6,5,8,109,60,1260,11,308,350,25,7,42,26-07-2024 20:25
I,16,1167,9,3,8,11,3,5,15,59,65,1050,21,204,280,27,6,30,26-07-2024 20:25
J,16,1905,19,5,6,14,3,12,20,74,46,2012,16,205,595,27,8,40,26-07-2024 20:25
K,16,1647,17,3,5,12,3,6,10,67,71,2166,15,168,406,22,6,38,26-07-2024 20:25
L,16,784,16,2,3,6,5,4,16,60,48,1120,9,147,511,22,4,38.4,26-07-2024 20:25
M,16,896,8,3,3,12,3,6,12,63,46,1260,18,158,763,20,5,41,26-07-2024 20:25
N,16,728,7,1,4,12,3,4,7,78,67,980,9,252,454,24,5,40,26-07-2024 20:25
O,16,1007,18,3,4,10,3,6,16,84,48,1330,10,235,392,38,9,37.6,26-07-2024 20:25
P,16,672,6,1,2,8,6,4,6,66,52,1719,7,250,306,13,4,28,26-07-2024 20:25
Q,16,971,8,2,3,7,4,5,9,108,46,1260,8,162,378,19,5,36,26-07-2024 20:25
R,16,616,6,2,2,9,3,3,8,49,67,1104,13,150,510,18,3,25,26-07-2024 20:25
S,16,840,8,2,6,6,6,4,15,56,69,1795,8,219,571,17,4,32,26-07-2024 20:25
T,16,560,5,2,4,6,3,3,5,59,84,770,6,123,279,17,1,33,26-07-2024 20:25
U,16,784,14,1,5,6,3,5,10,82,57,1781,9,140,403,14,4,28,26-07-2024 20:25
V,16,843,4,2,3,8,6,1,8,37,48,630,9,108,311,8,1,20,26-07-2024 20:25
W,16,728,6,1,2,5,6,3,7,94,86,980,11,133,294,13,3,28,26-07-2024 20:25
X,16,448,4,1,1,3,4,3,4,32,48,560,4,119,196,11,1,24,26-07-2024 20:25
A,17,4200,21,10,24,45,5,65,95,581,99,7000,12,492,1400,350,273,76,26-07-2024 20:25
B,17,7231,25,16,29,112,5,78,63,315,56,8285,17,677,1260,315,196,85,26-07-2024 20:25
C,17,6822,25,13,23,51,6,32,77,420,63,7700,10,428,1540,420,245,75,26-07-2024 20:25
D,17,1873,20,6,6,17,3,7,14,105,49,2160,13,210,560,49,20,64,26-07-2024 20:25
E,17,2568,13,6,9,19,5,8,13,163,46,3540,19,196,490,31,11,45,26-07-2024 20:25
F,17,1894,8,6,11,14,3,6,12,116,53,1670,15,175,456,21,7,40,26-07-2024 20:25
G,17,1120,20,2,7,8,3,8,24,77,48,2177,13,389,455,25,16,42,26-07-2024 20:25
H,17,1481,7,5,6,13,4,6,10,92,50,1260,13,170,350,28,11,35,26-07-2024 20:25
I,17,1239,6,3,4,9,3,5,12,56,55,1050,10,154,280,21,4,30,26-07-2024 20:25
J,17,1176,10,4,8,9,3,6,12,97,46,1680,13,182,777,27,8,40,26-07-2024 20:25
K,17,1064,9,2,4,8,3,6,18,67,49,2988,9,247,406,24,6,38,26-07-2024 20:25
L,17,1665,12,6,7,16,3,7,8,62,59,1120,9,186,315,15,4,32,26-07-2024 20:25
M,17,1048,9,2,6,8,3,10,9,119,46,2343,10,248,561,20,6,35,26-07-2024 20:25
N,17,1377,8,2,5,21,3,4,11,53,48,1461,13,291,471,30,3,30,26-07-2024 20:25
O,17,1882,9,5,10,29,4,9,10,126,54,1934,9,294,392,37,6,46.2,26-07-2024 20:25
P,17,672,8,1,2,10,3,6,10,49,76,910,14,133,266,15,2,28,26-07-2024 20:25
Q,17,951,17,2,3,15,3,6,9,63,46,2042,12,235,378,20,6,35,26-07-2024 20:25
R,17,616,6,1,2,5,6,5,6,71,85,943,11,126,293,15,2,25,26-07-2024 20:25
S,17,1314,8,2,8,17,3,4,8,83,46,1203,13,285,454,34,4,32,26-07-2024 20:25
T,17,910,5,2,5,7,3,2,5,42,60,1391,6,168,238,11,2,23,26-07-2024 20:25
U,17,1163,14,2,4,11,3,6,10,53,44,1050,7,140,518,16,6,28,26-07-2024 20:25
V,17,503,8,1,3,6,4,2,4,35,48,630,6,106,210,14,1,20.6,26-07-2024 20:25
W,17,1241,6,3,9,9,3,4,7,89,46,1295,7,133,344,13,3,34.8,26-07-2024 20:25
X,17,842,4,1,3,9,3,2,4,53,53,560,5,148,196,7,1,18.6,26-07-2024 20:25
A,18,8619,21,14,52,65,5,35,70,596,99,7000,11,705,2795,596,402,84,26-07-2024 20:25
B,18,3920,25,7,13,41,3,72,95,315,84,7708,8,629,1260,378,196,68,26-07-2024 20:25
C,18,9193,20,15,48,105,5,59,77,566,63,9669,10,769,1540,494,295,86.25,26-07-2024 20:25
D,18,1400,15,5,6,11,4,12,18,157,49,2100,19,431,1168,35,26,55,26-07-2024 20:25
E,18,1361,21,2,5,19,5,9,18,84,75,1750,13,271,641,39,11,45,26-07-2024 20:25
F,18,980,15,2,7,8,6,7,11,131,53,1400,8,175,420,34,7,60,26-07-2024 20:25
G,18,1120,16,2,4,12,3,8,11,77,64,2949,11,189,746,25,11,66,26-07-2024 20:25
H,18,1227,7,4,4,9,4,5,10,63,50,1536,7,223,350,19,6,35,26-07-2024 20:25
I,18,1271,7,2,5,10,3,9,13,80,48,1050,14,156,302,21,4,30,26-07-2024 20:25
J,18,2412,14,4,14,18,5,6,12,74,93,1680,11,276,476,42,8,58,26-07-2024 20:25
K,18,1064,9,3,7,8,3,6,20,130,96,1470,11,262,406,22,6,56,26-07-2024 20:25
L,18,784,8,2,4,8,3,4,8,60,48,1450,8,147,315,15,5,32,26-07-2024 20:25
M,18,896,8,1,3,7,3,9,19,63,86,1414,10,251,479,41,5,45,26-07-2024 20:25
N,18,728,12,2,5,6,3,3,7,91,48,1723,8,140,294,15,5,40,26-07-2024 20:25
O,18,1073,9,2,5,13,5,11,11,121,46,1330,13,165,392,20,7,37,26-07-2024 20:25
P,18,1143,9,2,3,12,3,6,12,49,49,1652,9,133,266,18,3,34,26-07-2024 20:25
Q,18,2022,17,6,7,26,3,8,11,63,46,1260,8,247,378,25,5,46,26-07-2024 20:25
R,18,680,7,1,2,5,5,3,8,52,64,1603,6,126,283,12,3,25,26-07-2024 20:25
S,18,840,16,3,3,8,3,4,13,56,72,1694,8,244,336,34,4,32,26-07-2024 20:25
T,18,890,9,1,3,8,6,2,5,83,48,770,8,119,463,11,2,23,26-07-2024 20:25
U,18,1244,13,4,4,9,3,4,8,59,82,1050,9,191,506,30,4,28,26-07-2024 20:25
V,18,759,4,3,5,6,3,1,8,41,98,737,7,174,210,8,1,20,26-07-2024 20:25
W,18,728,6,1,2,7,3,3,11,57,56,980,9,257,294,18,5,32,26-07-2024 20:25
X,18,951,4,2,4,13,4,3,6,32,62,745,4,184,284,15,1,18,26-07-2024 20:25
A,19,8319,43,14,28,63,3,62,70,580,60,7000,7,350,1600,501,210,77,26-07-2024 20:25
B,19,3920,25,9,25,52,3,45,93,315,115,13330,8,336,1413,315,196,65,26-07-2024 20:25
C,19,4480,20,16,23,44,3,38,77,773,63,7700,7,364,1540,864,503,75,26-07-2024 20:25
D,19,1400,14,4,9,19,3,7,19,198,49,2100,11,372,560,35,14,74.6,26-07-2024 20:25
E,19,2282,13,8,8,17,3,14,13,125,46,1750,23,288,490,40,13,45,26-07-2024 20:25
F,19,1068,8,3,4,8,3,6,11,107,55,1400,10,175,420,21,9,40,26-07-2024 20:25
G,19,1616,22,3,5,23,3,13,18,96,48,2167,21,189,469,25,12,58,26-07-2024 20:25
H,19,1416,7,4,9,19,3,5,16,94,50,1260,7,161,501,20,6,35,26-07-2024 20:25
I,19,956,10,2,3,7,3,8,7,56,81,1050,10,327,302,20,7,30,26-07-2024 20:25
J,19,1265,17,2,8,13,6,6,12,116,46,3591,22,232,476,33,8,40,26-07-2024 20:25
K,19,2017,9,6,7,15,3,9,20,122,70,1470,11,168,406,38,9,38,26-07-2024 20:25
L,19,784,8,1,3,6,3,4,12,109,65,1120,8,245,315,20,4,34.6,26-07-2024 20:25
M,19,1854,8,3,6,14,5,7,19,63,63,1260,17,225,364,25,6,35,26-07-2024 20:25
N,19,728,7,1,2,5,4,3,7,104,51,1711,8,140,294,15,6,33.6,26-07-2024 20:25
O,19,1030,14,2,3,8,3,10,10,67,51,1330,9,165,392,20,11,37,26-07-2024 20:25
P,19,672,6,1,2,5,3,4,11,68,49,910,7,199,492,13,2,42.96,26-07-2024 20:25
Q,19,951,8,3,3,7,4,5,9,63,46,2467,8,154,404,19,5,35,26-07-2024 20:25
R,19,616,12,1,4,6,4,3,11,56,48,840,7,126,340,19,4,25,26-07-2024 20:25
S,19,1735,15,4,11,13,3,7,17,56,92,1671,8,245,336,17,5,46,26-07-2024 20:25
T,19,1036,8,3,3,8,3,3,5,53,93,770,11,119,339,11,1,23,26-07-2024 20:25
U,19,784,8,2,5,6,4,4,8,91,78,1927,14,196,460,19,6,41,26-07-2024 20:25
V,19,503,4,1,2,8,3,2,7,35,48,1319,5,105,218,8,1,20,26-07-2024 20:25
W,19,728,6,2,2,5,5,3,7,85,46,1003,7,185,294,28,3,30,26-07-2024 20:25
X,19,651,4,1,2,10,3,3,4,58,84,651,4,98,196,7,1,18,26-07-2024 20:25
A,1,4200,21,7,14,54,4,52,70,350,60,7893,7,350,1400,603,210,96,26-07-2024 20:25
B,1,6180,25,10,40,46,5,64,63,315,88,6300,8,336,1260,549,414,84,26-07-2024 20:25
C,1,4480,21,7,15,49,3,32,161,647,63,15517,6,364,1540,420,245,82,26-07-2024 20:25
D,1,1400,13,2,5,11,3,7,14,209,92,3291,11,210,935,35,14,58,26-07-2024 20:25
E,1,2477,13,7,14,19,4,8,27,152,68,1750,13,209,557,28,19,45,26-07-2024 20:25
F,1,1555,12,3,9,15,3,11,11,101,53,2590,8,175,420,32,12,44,26-07-2024 20:25
G,1,1120,18,4,4,8,5,9,12,77,48,1610,11,201,455,27,13,42,26-07-2024 20:25
H,1,1534,7,3,9,17,6,10,8,123,50,1260,9,161,350,18,6,35,26-07-2024 20:25
I,1,943,8,2,5,7,6,5,7,95,72,1136,13,154,481,19,4,30,26-07-2024 20:25
J,1,1176,10,2,5,9,4,9,20,156,46,1680,21,345,521,38,8,40.6,26-07-2024 20:25
K,1,1373,9,3,7,20,4,6,10,121,49,1905,13,359,406,30,6,38,26-07-2024 20:25
L,1,1309,8,3,7,10,3,7,8,95,69,1120,8,149,541,15,4,45,26-07-2024 20:25
M,1,896,8,2,4,7,4,5,12,63,66,2205,14,158,364,20,5,50.6,26-07-2024 20:25
N,1,728,15,2,4,5,3,4,7,53,48,980,13,140,294,22,3,30,26-07-2024 20:25
O,1,2077,9,6,14,21,3,6,15,77,57,1330,19,229,676,20,6,37,26-07-2024 20:25
P,1,672,6,2,3,8,4,4,13,49,49,1138,14,133,386,26,3,34,26-07-2024 20:25
Q,1,1629,8,3,6,12,3,4,16,85,46,1407,11,238,378,27,7,35.6,26-07-2024 20:25
R,1,995,7,2,3,9,3,6,6,46,52,840,6,126,252,12,4,30,26-07-2024 20:25
S,1,1547,8,5,8,17,3,4,17,98,46,1190,11,228,487,32,5,32,26-07-2024 20:25
T,1,769,5,1,4,6,3,2,5,42,82,770,6,159,478,11,1,25,26-07-2024 20:25
U,1,1610,8,5,5,12,5,4,9,77,52,1777,7,140,605,14,7,28,26-07-2024 20:25
V,1,547,6,2,2,9,5,3,9,35,71,630,10,105,210,8,1,20,26-07-2024 20:25
W,1,728,6,1,4,11,3,4,7,74,95,1399,9,176,406,25,3,28,26-07-2024 20:25
X,1,493,4,1,3,4,3,1,7,32,48,560,4,105,224,10,1,18,26-07-2024 20:25
A,20,6637,26,22,22,50,4,35,150,378,60,7000,9,564,1827,370,313,77,26-07-2024 20:25
B,20,3920,48,7,25,53,4,50,98,626,56,9445,8,336,2578,315,196,65,26-07-2024 20:25
C,20,4480,39,7,24,34,5,34,77,690,63,9553,10,364,2616,482,385,82.5,26-07-2024 20:25
D,20,1400,14,2,5,11,4,7,23,105,82,2100,14,319,1151,68,14,50.6,26-07-2024 20:25
E,20,1668,13,3,6,13,5,8,21,103,46,1750,13,196,785,38,11,45,26-07-2024 20:25
F,20,980,8,2,3,7,6,11,15,125,111,1500,8,175,420,21,7,44,26-07-2024 20:25
G,20,1878,11,3,10,25,5,8,19,77,48,1610,11,189,455,25,15,42,26-07-2024 20:25
H,20,992,7,2,5,12,3,5,10,131,50,1592,9,161,580,23,8,35,26-07-2024 20:25
I,20,1257,6,4,7,9,5,4,7,71,48,1050,19,154,291,26,4,30,26-07-2024 20:25
J,20,2201,18,4,8,29,5,6,12,74,46,1680,14,199,476,30,9,44,26-07-2024 20:25
K,20,1550,9,3,5,12,4,10,10,67,103,1470,18,172,694,22,6,38,26-07-2024 20:25
L,20,784,8,1,3,11,3,4,14,125,94,1120,13,147,315,15,6,39,26-07-2024 20:25
M,20,1770,8,3,7,24,4,10,9,83,60,1260,12,164,732,20,6,49,26-07-2024 20:25
N,20,728,13,2,2,10,6,3,7,99,48,980,16,144,492,27,6,32,26-07-2024 20:25
O,20,1665,9,5,6,18,5,6,10,123,98,2152,9,324,392,20,11,37,26-07-2024 20:25
P,20,956,12,2,3,12,3,4,11,51,49,910,7,263,286,13,4,29,26-07-2024 20:25
Q,20,1069,14,2,4,15,3,4,11,63,46,1260,8,213,378,39,5,35,26-07-2024 20:25
R,20,696,6,2,2,10,3,3,6,87,48,1576,10,126,445,25,4,37,26-07-2024 20:25
S,20,840,8,1,5,6,5,4,8,56,46,1190,10,147,336,22,5,32,26-07-2024 20:25
T,20,965,6,3,4,13,3,3,6,48,61,957,6,186,412,11,1,23,26-07-2024 20:25
U,20,852,7,2,5,10,3,5,13,53,48,1050,10,140,607,14,5,28,26-07-2024 20:25
V,20,504,4,2,2,4,4,2,6,41,48,630,5,150,210,13,1,21,26-07-2024 20:25
W,20,728,8,2,2,12,3,4,13,89,46,1787,7,133,442,13,4,28,26-07-2024 20:25
X,20,448,6,1,1,7,3,1,4,46,86,771,9,179,196,9,1,21,26-07-2024 20:25
A,21,4200,29,14,19,59,4,50,70,350,111,12843,8,385,1400,439,210,95,26-07-2024 20:25
B,21,3920,27,7,13,51,3,42,63,581,56,6340,8,618,2009,315,352,65,26-07-2024 20:25
C,21,8828,34,15,29,135,3,63,77,420,63,7700,12,494,1540,420,449,100,26-07-2024 20:25
D,21,2522,20,4,8,19,6,7,15,203,49,2100,11,391,863,45,23,71,26-07-2024 20:25
E,21,1260,15,3,4,9,3,9,13,86,84,1750,18,297,490,28,11,54.6,26-07-2024 20:25
F,21,1920,10,3,10,16,3,6,11,70,79,1400,8,317,420,43,13,47,26-07-2024 20:25
G,21,1839,12,5,6,26,3,8,21,127,86,3304,12,391,455,40,8,42,26-07-2024 20:25
H,21,840,15,3,3,6,4,10,8,85,50,1260,13,161,731,18,8,35,26-07-2024 20:25
I,21,700,12,1,2,9,3,8,7,81,48,2020,13,244,280,21,5,36,26-07-2024 20:25
J,21,1176,14,2,5,12,3,6,13,74,77,1680,17,333,863,38,13,40,26-07-2024 20:25
K,21,2210,12,4,11,17,4,6,18,67,50,1470,9,168,406,41,10,38,26-07-2024 20:25
L,21,890,8,3,5,13,6,4,8,60,101,1622,8,216,315,15,4,32,26-07-2024 20:25
M,21,1517,8,3,5,12,5,5,9,63,87,1260,13,201,364,20,9,35,26-07-2024 20:25
N,21,1306,7,2,4,10,5,3,13,57,68,1892,8,171,294,19,3,30,26-07-2024 20:25
O,21,1029,9,3,6,8,5,6,14,129,59,1995,9,277,831,20,6,40,26-07-2024 20:25
P,21,672,6,1,2,10,3,6,6,49,101,954,9,133,266,13,3,40,26-07-2024 20:25
Q,21,1368,8,3,5,10,3,4,11,63,46,1823,8,154,547,21,5,39,26-07-2024 20:25
R,21,1231,6,2,4,14,4,3,9,46,70,840,10,153,252,19,4,25,26-07-2024 20:25
S,21,1286,13,3,4,10,5,4,14,81,46,2529,8,219,336,17,4,32,26-07-2024 20:25
T,21,560,5,2,2,6,3,4,5,67,48,770,9,119,374,11,1,23,26-07-2024 20:25
U,21,784,9,1,3,6,3,4,13,91,94,1834,13,165,622,22,4,40,26-07-2024 20:25
V,21,732,5,1,3,5,5,3,8,35,97,938,5,125,210,8,1,20,26-07-2024 20:25
W,21,728,11,1,3,5,3,3,7,89,46,1928,15,133,298,20,5,28,26-07-2024 20:25
X,21,927,4,2,5,7,3,3,6,32,69,815,8,113,266,7,1,24,26-07-2024 20:25
A,22,4899,24,10,26,77,3,37,143,350,79,7042,10,534,1400,576,210,70,26-07-2024 20:25
B,22,7804,25,13,56,59,3,42,63,315,87,11201,8,361,2642,315,196,65,26-07-2024 20:25
C,22,6443,40,16,26,70,3,32,77,420,63,11258,6,511,2362,450,245,75,26-07-2024 20:25
D,22,1400,14,4,5,19,5,7,14,137,73,2312,18,284,560,53,14,56,26-07-2024 20:25
E,22,2287,13,4,12,29,6,8,15,150,72,3314,26,196,946,32,11,45,26-07-2024 20:25
F,22,980,9,2,3,8,5,11,11,111,58,1400,13,175,812,45,12,46,26-07-2024 20:25
G,22,1120,12,2,4,13,3,8,18,152,48,2755,11,338,816,36,18,52,26-07-2024 20:25
H,22,1392,8,2,5,22,3,5,8,63,64,1260,7,335,381,18,9,35,26-07-2024 20:25
I,22,700,11,1,5,8,3,4,7,56,78,1239,10,154,280,24,4,30,26-07-2024 20:25
J,22,1649,19,3,9,18,4,9,15,74,46,2391,11,246,880,54,16,40,26-07-2024 20:25
K,22,1064,17,2,4,8,4,6,20,104,49,1470,16,168,406,22,11,38,26-07-2024 20:25
L,22,1590,8,3,5,12,6,7,15,121,48,1809,13,147,353,15,4,32,26-07-2024 20:25
M,22,896,11,1,3,12,3,5,17,63,46,1260,10,302,364,37,8,35,26-07-2024 20:25
N,22,728,7,2,2,10,3,5,10,99,51,1605,8,148,589,18,3,30,26-07-2024 20:25
O,22,1275,13,2,4,10,3,11,18,67,75,2218,13,185,784,20,12,37,26-07-2024 20:25
P,22,672,13,2,2,5,4,4,6,95,100,910,13,215,537,13,4,34,26-07-2024 20:25
Q,22,952,8,2,4,7,3,4,9,63,59,2482,8,154,778,38,5,35,26-07-2024 20:25
R,22,630,6,2,2,8,3,5,10,76,48,1569,6,126,252,12,2,28,26-07-2024 20:25
S,22,840,8,1,3,6,3,6,8,81,68,2539,8,211,336,17,6,35,26-07-2024 20:25
T,22,560,9,2,2,4,3,3,8,62,80,1228,6,119,238,11,1,23,26-07-2024 20:25
U,22,784,8,1,3,6,4,4,8,53,44,1050,7,222,308,14,7,28,26-07-2024 20:25
V,22,978,4,2,3,15,6,2,4,46,48,848,7,105,237,12,1,20,26-07-2024 20:25
W,22,728,6,1,4,5,5,3,13,62,63,1414,14,258,456,16,4,28,26-07-2024 20:25
X,22,448,7,1,2,3,3,2,5,32,100,1090,5,98,196,7,1,18,26-07-2024 20:25
A,23,4200,21,7,14,50,3,35,70,363,79,8555,7,350,1400,465,230,76,26-07-2024 20:25
B,23,4841,34,8,16,36,3,42,63,315,56,6300,8,463,1993,468,196,65,26-07-2024 20:25
C,23,4480,30,12,27,34,5,49,77,753,63,7700,11,364,1648,675,245,92,26-07-2024 20:25
D,23,2494,20,4,9,28,3,7,22,183,49,3275,15,390,970,35,14,66,26-07-2024 20:25
E,23,1260,13,2,6,9,4,8,13,84,69,2306,18,311,781,58,18,45,26-07-2024 20:25
F,23,1940,12,4,6,15,6,8,20,70,80,1400,13,175,420,21,7,40,26-07-2024 20:25
G,23,1120,21,2,7,8,4,9,18,77,48,1610,11,189,932,36,8,48,26-07-2024 20:25
H,23,840,11,2,3,6,5,10,17,104,94,1260,7,234,685,26,7,40.6,26-07-2024 20:25
I,23,700,6,2,2,5,3,5,10,56,48,1266,10,154,326,22,4,36,26-07-2024 20:25
J,23,1176,17,2,6,18,5,6,12,96,46,2778,22,182,562,27,10,51,26-07-2024 20:25
K,23,1064,9,2,6,13,3,6,10,140,68,1470,18,168,597,22,6,44.6,26-07-2024 20:25
L,23,1292,8,5,6,10,3,4,14,60,102,1885,14,285,315,16,7,32,26-07-2024 20:25
M,23,896,8,3,3,13,3,9,17,111,72,2496,21,289,470,28,5,35.6,26-07-2024 20:25
N,23,728,7,2,5,5,5,3,7,108,48,980,8,242,382,15,5,30,26-07-2024 20:25
O,23,1796,12,5,9,16,3,7,14,67,46,2528,9,165,392,22,12,37,26-07-2024 20:25
P,23,672,7,1,2,5,4,6,6,49,87,1045,14,133,455,13,3,28,26-07-2024 20:25
Q,23,952,14,2,6,7,3,7,9,67,87,2520,12,154,378,31,9,35,26-07-2024 20:25
R,23,823,6,2,5,12,3,3,9,46,48,1052,10,248,474,24,2,25,26-07-2024 20:25
S,23,1305,16,4,6,10,5,7,8,56,72,1369,8,197,336,22,4,32,26-07-2024 20:25
T,23,1043,5,2,3,16,3,4,9,42,89,770,6,119,238,20,1,23,26-07-2024 20:25
U,23,1133,13,2,7,15,3,5,8,94,44,1535,8,148,308,14,5,28,26-07-2024 20:25
V,23,503,8,2,2,6,3,3,4,35,61,630,5,105,210,18,1,20,26-07-2024 20:25
W,23,899,7,3,6,7,6,6,14,49,46,1013,13,231,340,25,5,28,26-07-2024 20:25
X,23,448,6,1,3,3,5,2,4,55,84,560,4,98,380,14,1,18,26-07-2024 20:25
A,24,4200,40,10,29,32,3,35,70,350,95,7000,14,350,2870,350,210,70,26-07-2024 20:25
B,24,6114,25,20,20,46,5,42,63,315,60,10972,14,571,1260,315,196,65,26-07-2024 20:25
C,24,4480,20,10,15,52,6,32,77,537,63,9174,11,364,1540,493,245,82.5,26-07-2024 20:25
D,24,2964,21,9,10,31,6,14,19,105,49,2100,18,,560,48,28,50,26-07-2024 20:25
E,24,1411,13,3,5,17,3,11,27,84,46,1750,19,302,587,28,15,45,26-07-2024 20:25
F,24,979,17,3,4,7,3,7,11,70,75,2149,10,319,853,22,7,55,26-07-2024 20:25
G,24,1120,19,2,4,10,3,9,16,77,96,1610,11,301,740,25,8,42,26-07-2024 20:25
H,24,1335,7,4,7,10,3,8,10,86,84,1260,11,161,350,18,12,35,26-07-2024 20:25
I,24,871,9,1,4,10,3,4,11,56,77,1050,10,154,280,23,4,40,26-07-2024 20:25
J,24,1997,10,3,7,23,3,9,12,74,91,1680,13,338,476,27,8,47,26-07-2024 20:25
K,24,1064,9,2,4,9,5,6,10,67,49,1470,16,219,406,22,6,38,26-07-2024 20:25
L,24,1048,8,2,4,9,3,6,14,60,48,1442,10,,315,15,4,40,26-07-2024 20:25
M,24,1594,8,3,9,12,5,5,9,69,85,1260,10,158,630,41,9,51,26-07-2024 20:25
N,24,974,7,2,5,11,3,5,9,53,67,980,14,218,294,23,3,32,26-07-2024 20:25
O,24,1008,17,2,4,11,3,11,10,130,46,1990,11,165,392,40,9,40,26-07-2024 20:25
P,24,672,6,1,2,10,3,4,13,88,85,1785,7,133,266,16,2,28,26-07-2024 20:25
Q,24,998,17,2,5,13,3,4,9,63,88,1260,13,185,378,21,9,42,26-07-2024 20:25
R,24,1287,9,2,8,10,3,3,6,58,48,1185,6,174,252,12,2,32,26-07-2024 20:25
S,24,840,8,2,5,13,3,6,17,56,93,1190,13,263,619,17,4,32,26-07-2024 20:25
T,24,1113,5,3,8,10,3,2,5,87,48,1060,6,161,238,16,1,23,26-07-2024 20:25
U,24,784,7,1,3,12,3,4,16,53,66,1160,11,140,308,14,4,28,26-07-2024 20:25
V,24,504,6,1,3,8,4,1,4,37,48,630,5,207,276,8,1,20,26-07-2024 20:25
W,24,728,10,1,4,5,3,3,14,91,97,980,13,133,294,13,3,28,26-07-2024 20:25
X,24,860,5,1,3,6,3,1,5,32,48,1184,4,98,196,7,1,23,26-07-2024 20:25
A,25,5339,21,19,28,63,3,35,145,350,95,13782,8,350,1400,703,210,70,26-07-2024 20:25
B,25,3920,47,7,17,55,6,53,108,315,83,6300,18,336,1260,315,249,65,26-07-2024 20:25
C,25,8653,40,14,29,65,5,32,90,611,118,7700,6,447,1540,502,406,90,26-07-2024 20:25
D,25,2890,12,6,18,22,3,7,16,105,49,3630,11,210,560,35,14,50,26-07-2024 20:25
E,25,1591,25,5,5,13,6,17,13,145,61,1750,21,295,490,56,12,45,26-07-2024 20:25
F,25,979,8,3,7,7,5,6,11,70,53,2988,10,366,420,21,7,40,26-07-2024 20:25
G,25,1120,18,3,4,16,4,11,21,108,62,1610,23,306,546,25,8,56.4,26-07-2024 20:25
H,25,840,12,2,3,6,4,5,12,63,62,1962,7,161,350,18,11,39,26-07-2024 20:25
I,25,700,11,1,4,5,3,4,15,60,98,1715,10,154,280,14,6,30,26-07-2024 20:25
J,25,1489,13,3,10,18,5,6,17,74,50,2344,16,183,476,34,10,40,26-07-2024 20:25
K,25,1064,16,4,4,8,3,9,15,67,91,2947,17,297,406,44,11,38,26-07-2024 20:25
L,25,1378,8,2,5,10,4,4,8,91,48,1795,15,301,315,15,5,32,26-07-2024 20:25
M,25,1403,8,3,9,11,5,5,9,87,46,1260,10,158,545,20,5,37,26-07-2024 20:25
N,25,1375,15,2,9,10,5,4,7,53,48,2068,14,190,558,15,5,30,26-07-2024 20:25
O,25,1131,9,2,5,12,4,6,10,110,67,1516,12,307,392,23,8,55,26-07-2024 20:25
P,25,672,6,1,5,5,3,4,12,49,79,910,13,133,266,13,2,28,26-07-2024 20:25
Q,25,952,9,3,3,11,5,6,9,96,46,1680,12,154,677,36,5,44,26-07-2024 20:25
R,25,616,11,1,2,5,3,4,7,62,61,840,6,126,252,13,2,25,26-07-2024 20:25
S,25,1290,15,3,6,18,3,4,17,56,50,2494,14,147,336,17,4,32,26-07-2024 20:25
T,25,560,6,1,3,6,4,2,6,73,48,770,6,119,330,11,1,23,26-07-2024 20:25
U,25,1630,8,3,11,13,3,5,15,72,44,1448,7,140,308,25,5,28,26-07-2024 20:25
V,25,504,7,1,3,4,3,1,4,35,65,630,5,221,210,8,1,26,26-07-2024 20:25
W,25,728,11,2,3,11,5,4,7,53,46,1641,11,193,594,22,5,28,26-07-2024 20:25
X,25,818,4,2,3,11,3,2,7,32,58,968,5,98,203,14,1,18,26-07-2024 20:25
A,26,4200,21,9,14,55,5,58,80,350,127,7390,7,708,2101,350,307,77,26-07-2024 20:25
B,26,7268,25,12,24,55,6,42,63,315,91,6300,9,519,1993,315,196,72,26-07-2024 20:25
C,26,4480,40,13,15,70,5,61,77,804,63,11985,7,536,1540,420,245,75,26-07-2024 20:25
D,26,1400,14,3,5,11,3,10,14,168,49,2412,13,210,560,70,14,50.6,26-07-2024 20:25
E,26,1260,13,2,4,18,5,10,13,86,80,2196,13,347,769,28,22,45.6,26-07-2024 20:25
F,26,1814,16,3,7,25,3,6,11,94,53,2607,13,175,420,21,7,54,26-07-2024 20:25
G,26,1430,19,2,8,11,3,14,18,77,52,1610,16,189,800,25,9,46,26-07-2024 20:25
H,26,840,7,1,3,13,3,5,8,63,50,2656,7,291,350,18,10,35,26-07-2024 20:25
I,26,700,10,1,3,7,4,4,13,56,52,1524,15,159,467,26,4,30,26-07-2024 20:25
J,26,1176,10,4,4,9,5,10,12,74,91,2633,16,182,476,27,16,40,26-07-2024 20:25
K,26,1064,12,3,5,8,3,6,10,67,59,1954,12,201,781,22,6,38,26-07-2024 20:25
L,26,1670,15,4,7,13,3,5,16,121,48,2301,10,147,315,21,4,32,26-07-2024 20:25
M,26,1237,8,2,7,17,3,5,9,135,96,2458,10,337,438,20,9,35,26-07-2024 20:25
N,26,728,7,1,3,6,6,3,7,56,66,980,10,140,548,18,5,30,26-07-2024 20:25
O,26,2006,9,7,7,17,3,6,16,68,86,1330,19,175,392,42,6,37,26-07-2024 20:25
P,26,672,6,1,3,5,5,7,6,49,63,910,7,244,266,13,2,32,26-07-2024 20:25
Q,26,1799,8,5,8,24,3,5,13,64,75,1603,8,224,378,19,5,35,26-07-2024 20:25
R,26,794,6,2,5,12,6,3,11,76,68,1621,9,126,503,22,4,25,26-07-2024 20:25
S,26,840,16,3,3,12,3,4,8,56,68,1942,13,147,644,17,7,32,26-07-2024 20:25
T,26,574,10,1,2,4,6,2,7,42,67,770,10,119,438,11,1,30,26-07-2024 20:25
U,26,784,10,1,3,7,6,4,10,53,44,1520,7,140,308,14,7,28,26-07-2024 20:25
V,26,759,4,2,4,6,7,2,7,55,48,630,6,105,252,17,1,20,26-07-2024 20:25
W,26,798,6,2,3,11,3,3,7,49,46,980,7,176,294,15,6,28,26-07-2024 20:25
X,26,448,4,1,2,3,4,2,6,67,55,950,4,98,196,12,1,21,26-07-2024 20:25
A,27,6001,21,20,21,76,4,54,103,350,97,14458,11,481,1948,350,210,77,26-07-2024 20:25
B,27,6536,32,21,29,59,3,42,115,386,56,6300,16,596,1260,315,397,93,26-07-2024 20:25
C,27,4480,20,12,28,71,3,46,164,706,122,7700,6,760,2278,893,245,100,26-07-2024 20:25
D,27,1400,20,2,5,17,3,7,16,105,49,2754,18,374,560,60,14,50,26-07-2024 20:25
E,27,1260,24,2,5,9,5,16,13,84,46,1750,13,196,911,28,19,45,26-07-2024 20:25
F,27,980,17,2,3,15,6,6,11,99,53,1737,8,324,599,21,7,40,26-07-2024 20:25
G,27,2154,11,4,8,16,3,8,11,77,48,1610,14,189,826,26,8,49,26-07-2024 20:25
H,27,840,7,1,5,9,3,6,8,118,97,1260,8,161,411,23,6,35,26-07-2024 20:25
I,27,1207,6,3,4,10,5,6,7,56,48,2120,10,310,591,14,6,30,26-07-2024 20:25
J,27,1844,10,3,6,14,4,6,12,85,46,1680,11,198,476,44,10,44,26-07-2024 20:25
K,27,1064,15,2,6,9,5,6,15,70,75,2663,9,168,593,46,9,41,26-07-2024 20:25
L,27,1599,8,4,5,25,3,4,15,60,86,1471,11,147,315,20,4,38.4,26-07-2024 20:25
M,27,1049,12,3,3,8,3,5,11,63,97,1260,16,195,364,23,5,42,26-07-2024 20:25
N,27,1078,14,2,6,17,3,3,10,62,48,980,8,275,294,15,3,30,26-07-2024 20:25
O,27,2028,9,5,13,15,3,6,16,96,58,2795,19,165,794,38,6,37,26-07-2024 20:25
P,27,759,12,1,4,12,5,4,7,81,88,1831,7,133,266,18,4,28,26-07-2024 20:25
Q,27,952,16,3,3,7,4,4,9,131,54,1260,8,273,378,36,5,45,26-07-2024 20:25
R,27,616,11,1,2,9,4,3,6,46,48,1122,6,221,314,25,3,25,26-07-2024 20:25
S,27,917,8,2,3,7,3,6,8,57,55,1191,16,147,678,17,4,32,26-07-2024 20:25
T,27,560,10,1,2,4,3,2,8,58,48,1255,6,171,238,11,1,23,26-07-2024 20:25
U,27,1256,9,2,8,9,3,4,8,101,44,1669,8,176,321,20,4,28,26-07-2024 20:25
V,27,552,6,1,3,9,6,3,7,53,48,630,7,105,277,8,1,20,26-07-2024 20:25
W,27,728,13,1,2,5,3,4,7,98,71,1032,7,229,581,13,3,31,26-07-2024 20:25
X,27,448,6,1,3,3,3,1,6,32,53,885,5,98,268,7,1,18,26-07-2024 20:25
A,28,8214,34,14,27,62,3,35,70,524,103,11962,7,668,2536,350,211,70,26-07-2024 20:25
B,28,3920,33,7,18,44,3,42,84,315,56,6546,12,336,1373,315,372,65,26-07-2024 20:25
C,28,7545,38,13,48,57,3,42,77,468,83,7931,6,364,1540,456,316,81,26-07-2024 20:25
D,28,1400,11,2,8,13,5,7,14,149,102,2100,11,380,920,57,27,68,26-07-2024 20:25
E,28,1260,20,2,5,12,5,8,13,84,54,2012,22,196,1018,46,21,57,26-07-2024 20:25
F,28,1962,12,3,7,25,6,12,18,70,53,2316,15,224,871,21,9,56,26-07-2024 20:25
G,28,1120,11,2,5,8,3,12,12,77,48,1823,19,247,455,25,14,42,26-07-2024 20:25
H,28,1724,13,3,11,13,5,9,8,98,86,1988,7,161,661,18,9,35,26-07-2024 20:25
I,28,700,6,1,5,5,3,4,7,87,48,1050,10,156,280,29,5,30,26-07-2024 20:25
J,28,1602,10,3,9,12,3,6,14,145,46,1680,14,182,782,27,8,40,26-07-2024 20:25
K,28,2222,15,6,8,19,3,6,16,67,82,1913,9,168,611,29,11,38,26-07-2024 20:25
L,28,1008,8,2,3,12,4,4,8,83,48,1120,8,183,501,24,4,44,26-07-2024 20:25
M,28,1272,17,2,8,18,4,9,17,63,46,1554,12,180,605,20,8,35,26-07-2024 20:25
N,28,728,12,2,2,9,5,3,7,93,48,1622,8,140,294,22,3,38,26-07-2024 20:25
O,28,1008,18,3,3,13,3,11,11,91,46,1825,13,165,392,20,6,37,26-07-2024 20:25
P,28,1429,7,4,10,15,3,5,6,93,73,1790,7,213,266,13,4,29,26-07-2024 20:25
Q,28,952,14,2,3,12,4,8,12,76,86,1260,18,315,727,19,10,37,26-07-2024 20:25
R,28,616,7,1,2,8,5,3,9,46,48,1106,6,156,518,20,4,27,26-07-2024 20:25
S,28,840,8,2,3,6,5,4,8,99,46,1190,10,147,419,30,4,48,26-07-2024 20:25
T,28,696,10,1,2,5,3,4,6,76,48,770,6,251,334,11,1,26,26-07-2024 20:25
U,28,1465,14,2,8,11,3,4,8,53,44,1050,7,281,318,14,4,28,26-07-2024 20:25
V,28,679,5,1,2,8,3,1,9,44,48,801,5,105,438,18,1,24,26-07-2024 20:25
W,28,966,12,3,6,7,4,5,11,49,67,1540,10,133,294,25,4,37,26-07-2024 20:25
X,28,688,4,1,4,5,5,1,4,54,48,560,5,137,196,10,1,18,26-07-2024 20:25
A,29,4200,21,7,14,49,5,41,70,451,87,14455,8,350,2374,711,412,78,26-07-2024 20:25
B,29,5638,48,9,33,68,5,58,75,315,56,11491,17,336,1260,315,390,78,26-07-2024 20:25
C,29,4480,20,13,26,34,3,32,77,655,80,13795,6,364,2145,741,245,81,26-07-2024 20:25
D,29,2809,15,7,9,32,3,7,14,150,49,2100,18,210,560,35,17,50,26-07-2024 20:25
E,29,1260,13,4,9,9,4,8,20,175,88,2804,13,351,710,28,11,62,26-07-2024 20:25
F,29,1017,8,3,3,9,4,6,11,104,53,2844,13,330,420,21,9,40,26-07-2024 20:25
G,29,1326,11,3,6,10,5,12,11,77,48,3014,11,316,940,30,8,42,26-07-2024 20:25
H,29,840,11,1,3,9,6,9,8,63,50,1260,9,245,350,18,6,35.6,26-07-2024 20:25
I,29,700,11,1,2,5,3,4,9,56,48,1050,10,154,280,16,4,37,26-07-2024 20:25
J,29,1985,18,7,7,30,5,6,20,131,95,1680,20,182,476,32,11,42,26-07-2024 20:25
K,29,1064,19,2,4,12,3,9,13,67,49,2169,15,168,585,26,6,38,26-07-2024 20:25
L,29,1047,12,2,3,8,3,4,12,69,48,1902,11,147,315,28,5,32,26-07-2024 20:25
M,29,896,8,2,3,12,3,5,9,75,46,1260,10,158,364,20,9,35,26-07-2024 20:25
N,29,728,12,2,2,6,3,4,7,53,83,1498,8,227,294,15,3,39,26-07-2024 20:25
O,29,1008,9,2,3,9,3,9,10,67,46,1620,9,349,640,29,6,37,26-07-2024 20:25
P,29,672,6,1,3,6,6,7,6,49,49,1131,13,239,266,13,4,28,26-07-2024 20:25
Q,29,1241,8,2,4,9,4,4,14,63,72,1260,8,154,378,19,5,35,26-07-2024 20:25
R,29,1195,10,2,8,11,5,3,6,46,48,1161,13,126,313,15,2,25,26-07-2024 20:25
S,29,840,8,3,3,6,3,4,8,113,78,1190,9,147,336,36,4,32,26-07-2024 20:25
T,29,560,6,2,4,4,5,2,5,42,56,770,6,119,307,11,2,23,26-07-2024 20:25
U,29,784,7,1,3,12,3,5,13,53,78,1050,7,164,384,14,4,31,26-07-2024 20:25
V,29,744,4,1,5,11,4,1,5,35,48,934,9,130,261,8,1,20,26-07-2024 20:25
W,29,1509,13,5,6,20,5,3,7,49,69,980,9,,542,13,3,28,26-07-2024 20:25
X,29,448,5,1,2,4,6,1,5,37,73,560,6,208,252,12,1,18,26-07-2024 20:25
A,2,8225,44,14,27,62,4,50,70,440,60,9788,7,350,2413,350,218,77,26-07-2024 20:25
B,2,3920,39,10,13,57,3,42,63,315,56,10900,9,336,1260,315,196,97,26-07-2024 20:25
C,2,7454,26,12,25,98,5,32,77,420,92,15840,6,364,2963,462,249,81,26-07-2024 20:25
D,2,2217,21,4,14,18,3,9,26,128,92,4314,11,407,1050,35,24,55,26-07-2024 20:25
E,2,1345,18,2,4,10,3,15,23,84,46,1750,15,196,490,28,11,45,26-07-2024 20:25
F,2,2054,8,3,7,16,4,6,11,70,53,1400,8,175,526,21,9,40,26-07-2024 20:25
G,2,1120,18,3,5,8,3,8,11,77,48,2566,20,379,588,25,12,53,26-07-2024 20:25
H,2,840,7,2,6,6,5,5,16,94,59,1260,7,208,350,21,9,35,26-07-2024 20:25
I,2,1399,6,3,5,13,5,4,14,56,63,1915,10,154,330,14,4,37,26-07-2024 20:25
J,2,1176,10,2,8,16,3,6,24,74,94,1680,11,292,476,27,16,40,26-07-2024 20:25
K,2,1064,15,4,4,8,5,6,10,67,94,2330,9,168,406,35,6,38,26-07-2024 20:25
L,2,784,10,1,3,6,3,6,8,60,66,1406,12,221,365,19,4,38,26-07-2024 20:25
M,2,896,12,2,3,7,3,5,12,66,46,2700,10,286,364,41,7,49,26-07-2024 20:25
N,2,728,7,2,2,5,3,3,7,79,48,980,8,169,549,15,5,36,26-07-2024 20:25
O,2,2016,9,3,7,15,4,8,10,67,59,1766,16,227,755,22,11,37,26-07-2024 20:25
P,2,1097,9,4,5,8,3,4,11,49,49,910,14,133,266,21,2,28,26-07-2024 20:25
Q,2,951,12,2,3,11,3,8,16,104,74,1260,11,154,677,32,5,35,26-07-2024 20:25
R,2,1130,6,2,4,15,6,3,6,46,53,840,6,126,431,12,2,25,26-07-2024 20:25
S,2,840,9,1,4,6,5,4,9,57,81,1190,8,223,336,17,4,39,26-07-2024 20:25
T,2,560,5,1,4,4,3,2,10,42,48,770,6,119,468,11,1,23,26-07-2024 20:25
U,2,784,10,1,3,6,3,6,8,53,79,1588,13,140,308,14,4,28,26-07-2024 20:25
V,2,1002,4,3,4,9,3,1,4,61,48,1146,5,135,210,8,1,20,26-07-2024 20:25
W,2,1391,8,4,5,13,3,5,7,49,49,980,7,231,294,24,3,28,26-07-2024 20:25
X,2,889,5,1,3,7,3,1,5,52,48,560,4,,334,7,1,18,26-07-2024 20:25
A,30,4789,36,8,34,45,6,40,70,722,73,10000,14,579,1400,350,210,77,26-07-2024 20:25
B,30,3920,25,9,21,34,3,42,96,315,56,6300,12,380,1260,480,196,65,26-07-2024 20:25
C,30,4480,20,7,28,34,4,38,77,511,67,10235,6,670,3126,420,518,82.5,26-07-2024 20:25
D,30,1400,19,2,6,14,6,7,28,135,100,3349,19,210,1000,36,14,65,26-07-2024 20:25
E,30,1260,13,3,4,15,3,10,21,131,67,2122,13,312,490,28,22,45,26-07-2024 20:25
F,30,1615,14,3,5,21,6,6,11,74,53,2592,8,175,420,35,7,40,26-07-2024 20:25
G,30,1120,20,4,4,13,3,15,16,79,48,2822,23,189,722,51,15,42,26-07-2024 20:25
H,30,840,14,2,5,13,4,5,8,113,50,1260,9,161,350,34,6,35,26-07-2024 20:25
I,30,700,10,2,2,5,3,4,13,56,80,1050,19,154,280,14,4,44,26-07-2024 20:25
J,30,1176,10,2,7,17,3,6,15,101,46,1680,22,182,953,27,10,40,26-07-2024 20:25
K,30,1064,9,3,7,8,3,7,10,94,49,1470,16,214,445,29,6,38,26-07-2024 20:25
L,30,1421,8,2,5,16,5,4,14,69,48,1504,13,244,666,30,4,32,26-07-2024 20:25
M,30,896,8,3,6,12,3,8,9,63,95,1260,10,282,364,34,5,35,26-07-2024 20:25
N,30,1278,7,2,7,10,6,3,9,53,52,980,8,254,551,16,5,48,26-07-2024 20:25
O,30,2084,9,6,10,16,3,6,10,94,54,2082,9,165,392,20,9,40,26-07-2024 20:25
P,30,1001,6,2,6,8,6,5,13,49,49,1387,10,174,526,13,2,28,26-07-2024 20:25
Q,30,952,16,2,3,7,3,4,10,63,49,1260,11,154,378,21,5,35,26-07-2024 20:25
R,30,616,6,1,2,5,3,3,6,46,83,1562,6,237,386,22,2,28,26-07-2024 20:25
S,30,1090,12,2,4,8,5,4,10,56,46,2161,11,295,667,34,9,32,26-07-2024 20:25
T,30,764,6,2,3,8,4,2,7,61,48,770,8,124,407,14,1,24,26-07-2024 20:25
U,30,784,7,1,3,7,3,5,11,101,58,2052,14,146,308,14,4,35,26-07-2024 20:25
V,30,504,5,1,2,4,5,1,5,46,48,929,5,105,308,9,1,46,26-07-2024 20:25
W,30,1000,11,2,3,10,3,3,7,49,46,980,11,179,355,27,3,28,26-07-2024 20:25
X,30,780,4,2,4,6,3,2,7,32,58,990,5,98,308,7,1,18,26-07-2024 20:25
A,31,4200,41,7,22,32,4,42,70,443,60,7000,14,612,1960,469,210,93,26-07-2024 20:25
B,31,3920,26,9,20,35,3,78,77,315,105,11789,15,581,1260,315,256,67,26-07-2024 20:25
C,31,9473,20,31,32,139,3,40,85,420,70,14279,6,686,1540,877,327,80,26-07-2024 20:25
D,31,1400,18,4,5,18,3,14,14,105,67,3802,13,210,679,35,19,53,26-07-2024 20:25
E,31,1332,23,2,4,10,3,8,13,84,46,2583,16,196,490,52,17,53,26-07-2024 20:25
F,31,980,10,2,4,7,3,7,18,70,69,1400,16,,420,40,7,40,26-07-2024 20:25
G,31,1120,13,2,6,8,3,8,12,162,54,1610,11,189,732,39,8,42,26-07-2024 20:25
H,31,840,13,1,6,9,5,10,8,96,50,2234,7,161,350,18,10,35,26-07-2024 20:25
I,31,1083,6,2,5,15,3,4,14,115,48,1609,10,154,280,14,6,30,26-07-2024 20:25
J,31,1960,10,4,11,19,3,10,12,74,46,1680,11,182,506,39,8,40,26-07-2024 20:25
K,31,1855,9,3,10,19,4,6,10,67,70,2615,14,351,476,22,6,51,26-07-2024 20:25
L,31,1285,8,2,4,10,3,4,11,74,98,1120,17,228,524,15,4,36.6,26-07-2024 20:25
M,31,1124,8,2,5,8,5,9,17,130,68,1729,10,229,422,20,5,35,26-07-2024 20:25
N,31,1032,7,2,3,13,3,5,7,104,48,980,8,140,294,28,3,30,26-07-2024 20:25
O,31,1168,11,2,4,17,3,12,10,99,46,1330,9,165,559,21,9,37,26-07-2024 20:25
P,31,672,6,1,3,7,3,4,9,49,80,910,7,174,327,13,4,28,26-07-2024 20:25
Q,31,1779,13,3,6,16,4,6,17,66,46,2262,8,159,378,19,5,47,26-07-2024 20:25
R,31,1308,6,3,8,10,5,3,6,46,48,1098,8,137,286,12,3,32,26-07-2024 20:25
S,31,900,8,2,6,7,3,4,8,56,46,1190,8,147,352,34,5,32,26-07-2024 20:25
T,31,560,5,1,4,5,5,2,5,59,85,1426,6,217,238,13,1,23.6,26-07-2024 20:25
U,31,938,7,3,3,7,4,6,14,90,44,1762,15,264,308,20,5,28,26-07-2024 20:25
V,31,508,4,1,2,8,4,1,4,36,48,1084,5,124,210,15,1,20,26-07-2024 20:25
W,31,728,6,2,2,5,4,5,14,49,46,1282,7,133,294,20,3,28,26-07-2024 20:25
X,31,767,4,1,3,11,5,3,4,32,55,989,8,200,386,8,1,21.6,26-07-2024 20:25
A,32,7165,43,12,24,113,5,70,70,350,60,13215,9,624,2461,561,388,77,26-07-2024 20:25
B,32,4658,25,9,20,35,5,89,108,315,56,6300,8,481,2678,670,196,65,26-07-2024 20:25
C,32,4480,42,9,15,68,3,67,77,642,111,7700,9,364,1540,882,245,86,26-07-2024 20:25
D,32,1400,20,4,6,11,3,8,14,105,49,2253,18,354,1171,35,30,50,26-07-2024 20:25
E,32,1780,13,6,7,13,3,14,24,124,47,1750,13,196,946,48,11,45,26-07-2024 20:25
F,32,980,13,2,4,8,3,6,16,127,85,1400,8,265,482,44,7,40,26-07-2024 20:25
G,32,2206,11,4,10,17,3,10,11,118,48,2643,15,189,758,25,8,49,26-07-2024 20:25
H,32,840,11,2,5,6,4,5,8,78,50,1260,10,198,350,18,11,43,26-07-2024 20:25
I,32,916,12,3,3,7,6,4,15,56,64,1050,12,154,280,14,4,30,26-07-2024 20:25
J,32,1176,14,2,4,9,3,11,12,74,46,3312,11,283,870,54,11,40,26-07-2024 20:25
K,32,1064,9,3,4,12,6,8,12,67,49,2475,18,319,490,22,11,46,26-07-2024 20:25
L,32,1472,13,4,9,11,6,4,8,60,74,1120,8,147,315,21,4,40,26-07-2024 20:25
M,32,896,16,1,6,10,5,10,17,63,46,1260,10,261,410,20,5,35,26-07-2024 20:25
N,32,728,8,1,3,8,4,3,7,75,72,1163,8,232,296,15,3,30,26-07-2024 20:25
O,32,1008,18,2,3,16,5,11,17,113,63,2589,9,165,392,31,6,37,26-07-2024 20:25
P,32,672,10,1,3,10,6,4,9,95,49,924,12,256,266,23,4,31,26-07-2024 20:25
Q,32,951,9,3,4,7,5,6,9,87,67,1260,8,154,558,19,5,35,26-07-2024 20:25
R,32,616,7,1,2,5,3,3,6,46,48,992,6,268,252,12,2,26.5,26-07-2024 20:25
S,32,1326,12,2,5,12,3,4,12,56,46,1190,8,147,454,17,6,37,26-07-2024 20:25
T,32,560,5,2,2,7,4,2,5,42,48,770,6,219,387,21,1,23,26-07-2024 20:25
U,32,784,8,1,3,6,4,4,8,67,44,1543,11,233,308,25,4,40,26-07-2024 20:25
V,32,923,5,2,3,7,3,1,6,59,51,630,8,105,210,9,1,22,26-07-2024 20:25
W,32,728,6,1,2,5,3,3,9,49,46,1793,15,133,294,15,3,39,26-07-2024 20:25
X,32,448,4,1,2,3,3,2,5,50,48,869,6,128,196,7,1,18,26-07-2024 20:25
A,33,4200,23,15,14,32,3,35,70,364,115,7000,13,404,1400,597,444,77,26-07-2024 20:25
B,33,3920,45,7,16,29,3,59,63,575,93,9727,10,672,1260,315,196,65,26-07-2024 20:25
C,33,4800,20,15,19,46,6,61,155,472,99,8283,6,384,2766,420,245,87,26-07-2024 20:25
D,33,1500,11,5,8,17,4,7,23,105,68,4341,20,,956,61,14,50,26-07-2024 20:25
E,33,1923,18,3,6,14,4,10,13,84,77,1750,13,196,732,28,13,58,26-07-2024 20:25
F,33,979,13,2,6,13,3,6,11,70,70,1400,8,313,420,32,7,40,26-07-2024 20:25
G,33,1120,11,2,4,8,4,8,13,114,48,1936,21,319,897,29,16,51,26-07-2024 20:25
H,33,840,7,3,3,6,6,5,12,128,76,1955,7,296,350,18,6,40.6,26-07-2024 20:25
I,33,1031,6,2,7,8,3,4,8,56,61,1545,11,316,409,14,4,30,26-07-2024 20:25
J,33,1368,16,3,8,20,4,7,17,74,46,2420,11,182,476,42,8,40,26-07-2024 20:25
K,33,1064,9,3,4,9,3,9,10,67,49,1695,15,168,576,22,7,50,26-07-2024 20:25
L,33,1254,8,4,4,9,6,4,13,101,85,1120,14,147,315,24,4,36,26-07-2024 20:25
M,33,928,9,2,3,7,4,5,14,63,95,1260,15,158,364,20,6,35,26-07-2024 20:25
N,33,728,7,2,2,5,4,5,7,90,100,980,9,298,294,15,5,30,26-07-2024 20:25
O,33,1007,11,2,5,8,3,6,10,78,62,1404,19,341,392,35,8,37,26-07-2024 20:25
P,33,672,7,2,5,8,5,4,10,49,65,910,15,133,266,13,4,30,26-07-2024 20:25
Q,33,1911,8,4,10,28,3,4,17,63,52,1517,8,295,378,22,5,35,26-07-2024 20:25
R,33,616,6,1,3,5,3,6,6,85,48,1559,8,221,381,18,4,25,26-07-2024 20:25
S,33,1439,8,2,5,11,5,4,15,84,46,1190,11,227,593,19,6,32,26-07-2024 20:25
T,33,560,5,1,3,4,4,2,7,42,63,826,6,170,416,14,1,26,26-07-2024 20:25
U,33,784,12,1,5,6,3,4,9,53,44,1050,7,140,308,22,7,28,26-07-2024 20:25
V,33,504,4,1,2,7,5,2,4,58,95,630,5,105,210,12,1,20,26-07-2024 20:25
W,33,728,6,2,5,5,3,3,14,92,64,980,7,254,294,13,5,33,26-07-2024 20:25
X,33,448,4,1,2,6,3,1,6,54,48,987,6,173,196,11,1,18,26-07-2024 20:25
A,34,4200,21,7,14,32,3,35,70,350,70,9799,8,490,1400,350,210,70,26-07-2024 20:25
B,34,8393,49,14,34,99,4,47,115,658,56,6300,8,336,2470,351,196,65,26-07-2024 20:25
C,34,9595,20,26,32,87,3,32,100,694,74,7700,6,562,2258,420,245,96,26-07-2024 20:25
D,34,2580,22,4,9,19,3,9,14,153,49,3292,22,210,1123,67,22,50,26-07-2024 20:25
E,34,1937,22,3,6,16,5,12,24,162,46,1750,13,196,490,28,19,66,26-07-2024 20:25
F,34,980,8,2,4,7,3,6,11,70,111,1400,8,175,838,21,8,40,26-07-2024 20:25
G,34,1120,14,4,6,8,5,8,11,77,76,1610,18,189,455,40,13,45,26-07-2024 20:25
H,34,840,7,1,3,11,3,5,8,63,82,1260,14,161,350,18,7,35,26-07-2024 20:25
I,34,700,10,2,5,5,4,4,7,69,102,1050,20,154,280,14,4,35,26-07-2024 20:25
J,34,1406,10,2,5,11,3,7,12,142,66,1680,11,182,476,27,14,59,26-07-2024 20:25
K,34,1394,9,2,5,21,3,6,10,67,49,1470,9,168,501,28,6,38,26-07-2024 20:25
L,34,784,16,3,5,6,3,6,8,86,83,1334,17,293,315,15,7,36.6,26-07-2024 20:25
M,34,1783,12,3,9,13,3,8,14,113,46,1749,16,261,364,31,10,35,26-07-2024 20:25
N,34,728,10,2,2,11,5,3,7,70,48,1063,14,259,294,21,3,39,26-07-2024 20:25
O,34,2037,16,3,13,26,4,6,13,67,91,2624,9,328,392,20,11,43,26-07-2024 20:25
P,34,672,12,1,2,8,3,4,6,49,49,910,7,183,266,13,2,29.6,26-07-2024 20:25
Q,34,1743,8,3,12,19,3,4,9,63,94,1260,8,154,378,28,7,35,26-07-2024 20:25
R,34,616,6,2,2,6,3,3,6,46,55,840,8,126,252,12,4,37,26-07-2024 20:25
S,34,840,8,1,5,8,3,4,17,56,74,1576,8,147,344,17,9,44,26-07-2024 20:25
T,34,719,7,2,3,5,4,2,5,42,48,968,7,119,443,11,1,23,26-07-2024 20:25
U,34,1261,10,4,5,9,4,4,13,53,45,1050,12,140,308,14,6,28,26-07-2024 20:25
V,34,554,6,1,2,4,3,1,4,35,90,1089,7,110,210,11,1,20,26-07-2024 20:25
W,34,728,6,1,4,5,3,3,15,81,65,1171,7,133,581,13,5,28,26-07-2024 20:25
X,34,828,5,1,5,6,3,1,7,49,48,560,6,98,253,7,1,18,26-07-2024 20:25
A,35,5496,37,11,36,74,3,59,108,350,124,14205,10,350,1400,523,390,77,26-07-2024 20:25
B,35,5224,38,17,35,39,5,42,63,315,56,8599,8,336,1805,315,196,65,26-07-2024 20:25
C,35,6523,29,14,26,60,5,32,126,420,132,13002,11,440,1666,420,270,75,26-07-2024 20:25
D,35,1400,14,3,5,12,3,7,14,105,49,2744,14,389,934,35,16,69,26-07-2024 20:25
E,35,1260,22,3,4,11,3,8,16,85,46,3685,25,267,911,28,11,57,26-07-2024 20:25
F,35,1824,18,3,12,20,5,6,14,89,60,2241,8,252,420,21,7,40,26-07-2024 20:25
G,35,1120,11,2,4,8,5,15,17,100,62,3257,11,,626,44,8,42.6,26-07-2024 20:25
H,35,1489,13,5,5,11,5,5,8,101,50,2397,7,239,401,35,6,45,26-07-2024 20:25
I,35,700,6,1,2,5,4,8,7,56,74,1050,17,154,280,14,4,34,26-07-2024 20:25
J,35,1415,17,3,5,11,4,6,12,74,57,1680,12,382,476,52,8,56,26-07-2024 20:25
K,35,1178,9,2,4,9,3,11,10,67,78,1470,9,211,835,22,10,38,26-07-2024 20:25
L,35,1679,8,3,10,13,3,4,15,73,91,1910,8,147,663,15,7,32,26-07-2024 20:25
M,35,1113,10,2,4,15,3,8,18,63,46,2479,21,158,406,34,5,35,26-07-2024 20:25
N,35,1164,10,4,7,18,5,4,10,53,101,980,9,299,294,20,4,36,26-07-2024 20:25
O,35,1253,13,2,5,19,5,10,14,67,46,2193,10,165,470,23,9,37,26-07-2024 20:25
P,35,672,6,1,2,7,6,4,8,49,102,910,7,,273,13,2,28,26-07-2024 20:25
Q,35,1405,8,4,8,11,5,4,10,68,46,1260,8,199,378,30,5,35,26-07-2024 20:25
R,35,1273,6,3,6,15,6,5,11,75,48,968,6,261,349,16,2,37,26-07-2024 20:25
S,35,1444,10,3,5,23,3,4,8,65,46,1190,8,257,568,17,4,32,26-07-2024 20:25
T,35,560,8,2,2,4,5,4,5,42,48,770,6,119,291,11,1,32,26-07-2024 20:25
U,35,784,7,1,4,6,3,7,8,70,86,1050,14,140,308,27,4,28.6,26-07-2024 20:25
V,35,965,7,2,3,7,3,1,7,39,48,630,6,105,210,10,1,20,26-07-2024 20:25
W,35,728,6,1,2,11,3,3,11,49,46,980,12,270,576,13,4,28,26-07-2024 20:25
X,35,448,4,1,1,4,4,2,4,52,48,560,9,98,217,7,1,28,26-07-2024 20:25
A,36,6346,21,11,23,95,3,35,70,586,88,7000,14,350,1400,350,427,70,26-07-2024 20:25
B,36,6138,25,10,20,51,3,42,63,382,83,9702,8,448,1260,315,196,65,26-07-2024 20:25
C,36,4480,20,13,32,61,5,56,77,839,69,9990,6,589,1540,420,394,87,26-07-2024 20:25
D,36,1730,22,4,6,13,3,7,29,216,61,2100,12,210,560,56,29,50,26-07-2024 20:25
E,36,1260,15,2,4,9,3,8,13,84,90,1750,13,261,490,28,12,45,26-07-2024 20:25
F,36,1190,8,3,4,9,4,6,11,70,53,2237,8,321,706,21,7,40,26-07-2024 20:25
G,36,1303,13,4,4,16,4,8,14,87,48,1610,17,189,642,43,8,42,26-07-2024 20:25
H,36,840,12,3,3,6,3,8,8,63,85,2556,7,278,350,18,8,35,26-07-2024 20:25
I,36,1398,6,4,9,21,4,4,15,56,89,1050,10,219,335,14,4,37,26-07-2024 20:25
J,36,2067,13,4,7,31,4,10,22,94,70,3450,22,380,476,50,15,40,26-07-2024 20:25
K,36,1564,9,3,5,16,4,12,19,136,49,3083,9,168,767,31,8,38,26-07-2024 20:25
L,36,784,8,1,5,6,6,5,8,105,48,1120,12,,606,31,6,35,26-07-2024 20:25
M,36,896,8,1,4,10,4,5,16,81,46,2300,11,158,364,24,10,35,26-07-2024 20:25
N,36,925,7,2,5,7,4,3,12,53,48,1771,10,239,602,19,6,35,26-07-2024 20:25
O,36,1489,10,2,5,16,5,10,11,142,82,1330,17,260,392,20,8,37,26-07-2024 20:25
P,36,1371,6,2,6,17,3,4,6,49,49,1516,7,205,266,13,2,28,26-07-2024 20:25
Q,36,1376,11,5,5,15,3,4,18,63,46,1814,8,154,378,39,7,44,26-07-2024 20:25
R,36,616,6,1,2,5,3,3,7,87,48,840,13,207,252,22,2,25,26-07-2024 20:25
S,36,840,12,2,3,8,3,7,9,106,94,1190,8,147,645,17,4,32,26-07-2024 20:25
T,36,560,5,2,2,8,5,2,5,71,101,1201,6,246,238,18,2,23,26-07-2024 20:25
U,36,1280,7,2,4,10,3,4,11,53,44,2028,7,191,308,27,5,31,26-07-2024 20:25
V,36,1039,4,3,4,12,4,2,4,65,51,630,5,105,214,8,1,20,26-07-2024 20:25
W,36,967,13,3,3,11,3,3,9,103,48,1175,11,243,294,13,5,28,26-07-2024 20:25
X,36,894,4,2,4,7,3,1,5,66,90,1022,4,98,202,7,1,18,26-07-2024 20:25
A,37,8446,21,14,48,118,3,68,111,522,89,7000,7,695,2939,350,327,70,26-07-2024 20:25
B,37,7276,48,17,24,55,3,42,63,437,56,6435,8,336,2667,315,269,65,26-07-2024 20:25
C,37,4480,40,14,15,63,6,36,77,420,111,7700,6,519,1621,420,245,76,26-07-2024 20:25
D,37,2762,14,9,15,40,3,7,26,225,49,2100,11,259,1150,35,19,50,26-07-2024 20:25
E,37,2114,13,6,7,28,3,8,13,142,46,1750,16,230,490,28,17,45,26-07-2024 20:25
F,37,2009,12,3,7,15,3,6,20,124,53,1439,13,175,873,38,13,40,26-07-2024 20:25
G,37,2233,17,4,10,17,3,8,18,77,54,3170,11,189,455,44,8,42,26-07-2024 20:25
H,37,1725,11,4,10,15,3,5,8,73,71,2603,7,161,350,25,6,35,26-07-2024 20:25
I,37,700,13,1,5,10,3,4,14,66,48,1050,10,314,402,14,4,30,26-07-2024 20:25
J,37,1176,10,2,4,10,3,12,22,94,51,2370,18,214,476,27,13,40,26-07-2024 20:25
K,37,1728,17,3,6,13,3,7,21,119,49,2645,9,168,406,32,6,38,26-07-2024 20:25
L,37,784,8,2,4,6,3,4,14,124,49,1148,15,172,583,32,7,38.6,26-07-2024 20:25
M,37,896,16,3,6,8,4,8,13,63,71,2022,18,312,364,23,5,35,26-07-2024 20:25
N,37,1160,7,3,4,9,3,3,7,53,76,1288,10,140,294,23,3,30,26-07-2024 20:25
O,37,1751,9,3,9,13,5,6,10,108,46,1739,13,185,745,32,6,55,26-07-2024 20:25
P,37,672,6,1,3,9,3,4,7,49,49,1558,7,281,266,13,4,28,26-07-2024 20:25
Q,37,1993,12,3,13,15,3,4,9,115,46,1260,17,184,378,19,9,35,26-07-2024 20:25
R,37,616,8,1,4,5,3,3,6,57,48,1324,6,202,403,19,4,25,26-07-2024 20:25
S,37,840,10,1,3,6,5,4,9,63,46,1258,8,147,639,32,4,48,26-07-2024 20:25
T,37,956,5,2,3,7,6,2,8,42,72,770,6,189,238,11,1,23,26-07-2024 20:25
U,37,784,8,1,3,10,3,5,8,53,44,1050,7,154,308,14,7,28,26-07-2024 20:25
V,37,708,4,2,2,5,4,2,7,35,48,630,9,105,431,8,1,20,26-07-2024 20:25
W,37,728,12,1,3,5,3,5,14,49,46,1771,13,133,294,13,3,30,26-07-2024 20:25
X,37,817,4,1,5,6,5,1,4,42,51,1130,5,98,333,14,1,18,26-07-2024 20:25
A,38,6721,36,11,25,78,6,35,117,683,112,7000,12,350,2360,350,210,70,26-07-2024 20:25
B,38,8394,25,14,33,63,4,42,63,504,56,6300,14,336,1801,315,239,65,26-07-2024 20:25
C,38,4480,20,9,15,49,3,32,87,420,127,7700,6,364,2829,661,245,97,26-07-2024 20:25
D,38,1655,15,4,6,25,4,8,22,105,49,3075,12,210,609,37,23,50,26-07-2024 20:25
E,38,1938,23,4,10,15,5,11,13,84,67,1750,20,196,979,28,14,70,26-07-2024 20:25
F,38,1560,16,3,10,14,4,6,21,145,53,2336,16,201,671,34,7,40,26-07-2024 20:25
G,38,1947,14,7,7,15,3,10,23,152,53,1954,11,,500,31,8,60,26-07-2024 20:25
H,38,1068,10,2,5,8,4,9,8,63,55,1260,14,242,350,31,6,51,26-07-2024 20:25
I,38,1126,10,2,4,12,5,4,7,92,48,1612,10,160,280,14,6,30,26-07-2024 20:25
J,38,1180,11,4,6,12,5,7,23,74,46,1920,11,182,933,27,8,52,26-07-2024 20:25
K,38,1624,14,5,5,25,3,6,17,81,94,1470,12,168,858,22,11,38,26-07-2024 20:25
L,38,784,16,2,4,6,4,6,8,125,86,2353,17,147,315,17,4,32,26-07-2024 20:25
M,38,896,10,2,4,7,4,5,10,63,79,1260,10,158,609,36,5,35,26-07-2024 20:25
N,38,967,14,2,4,11,4,4,14,56,71,980,8,140,294,23,3,41,26-07-2024 20:25
O,38,1008,9,2,5,15,5,12,10,95,63,1330,9,238,742,41,9,48,26-07-2024 20:25
P,38,672,7,1,4,5,5,4,6,49,89,1898,7,217,404,22,2,38,26-07-2024 20:25
Q,38,1303,12,4,6,11,3,4,14,90,46,2286,9,154,378,19,5,35,26-07-2024 20:25
R,38,662,6,1,4,5,3,3,10,47,48,840,12,174,443,16,3,25,26-07-2024 20:25
S,38,840,10,2,3,6,5,4,8,69,46,1545,13,276,521,17,4,35,26-07-2024 20:25
T,38,748,8,1,3,10,5,3,5,42,66,1265,6,226,311,11,1,31,26-07-2024 20:25
U,38,1311,12,4,4,12,3,4,8,99,74,1050,7,195,623,14,4,28,26-07-2024 20:25
V,38,503,4,1,2,7,3,2,4,57,62,630,5,105,210,15,1,26,26-07-2024 20:25
W,38,1282,10,2,8,10,3,3,10,102,46,1094,14,280,294,23,6,28,26-07-2024 20:25
X,38,448,6,1,3,3,3,1,4,32,48,968,4,98,196,15,1,18,26-07-2024 20:25
A,39,7442,21,12,25,56,3,68,70,565,104,10321,7,439,1963,350,338,77,26-07-2024 20:25
B,39,5754,31,10,19,46,3,67,64,315,64,6693,8,626,1260,315,264,65,26-07-2024 20:25
C,39,4480,34,15,15,34,5,55,131,420,91,7700,12,364,2435,682,415,81,26-07-2024 20:25
D,39,1400,12,4,5,11,3,12,14,105,49,3719,19,350,560,62,14,58,26-07-2024 20:25
E,39,2648,24,4,9,20,3,14,13,84,97,1750,13,244,490,45,20,45,26-07-2024 20:25
F,39,979,11,3,5,15,6,6,22,70,106,1400,14,338,420,21,7,40,26-07-2024 20:25
G,39,1398,23,4,10,20,3,8,21,77,48,3029,11,189,494,43,8,42,26-07-2024 20:25
H,39,840,7,3,6,6,3,5,8,119,62,1260,7,226,627,18,10,35,26-07-2024 20:25
I,39,992,8,2,7,7,3,4,7,94,90,1670,10,323,357,26,5,30,26-07-2024 20:25
J,39,1176,14,2,4,9,3,9,24,116,46,1680,11,339,476,27,10,54,26-07-2024 20:25
K,39,1284,12,3,4,12,5,6,10,99,49,1542,16,179,696,22,10,38,26-07-2024 20:25
L,39,784,10,2,3,11,3,4,12,60,48,1956,13,207,416,24,4,32,26-07-2024 20:25
M,39,1846,8,3,13,14,3,8,18,129,51,1260,10,201,364,20,5,37,26-07-2024 20:25
N,39,1316,14,2,6,17,3,4,7,112,48,980,10,246,294,23,4,42,26-07-2024 20:25
O,39,1972,14,7,12,28,3,6,12,74,46,1330,16,278,765,20,10,37,26-07-2024 20:25
P,39,672,6,2,4,5,4,4,7,49,58,910,7,133,433,14,2,28,26-07-2024 20:25
Q,39,1259,15,2,4,11,3,9,9,63,46,1260,8,310,378,19,7,41,26-07-2024 20:25
R,39,616,7,1,2,5,3,6,9,46,70,840,10,141,470,19,3,37.6,26-07-2024 20:25
S,39,922,16,3,3,7,3,5,8,56,46,1634,13,147,562,17,6,32,26-07-2024 20:25
T,39,560,7,1,3,4,4,2,5,66,58,773,6,119,285,21,3,25,26-07-2024 20:25
U,39,784,7,1,4,12,4,4,8,53,70,1050,9,170,496,17,7,28,26-07-2024 20:25
V,39,943,5,2,3,7,3,3,4,35,55,630,10,184,210,16,1,20,26-07-2024 20:25
W,39,728,6,2,3,5,3,3,8,59,46,1440,7,133,521,19,3,36.6,26-07-2024 20:25
X,39,448,6,1,2,5,3,1,4,59,48,560,4,152,226,7,1,24,26-07-2024 20:25
A,3,5537,28,9,18,42,3,35,70,350,64,7000,7,350,1547,359,210,92,26-07-2024 20:25
B,3,7860,25,13,26,110,3,42,65,615,56,6964,8,509,1260,315,196,65,26-07-2024 20:25
C,3,8089,29,13,48,68,5,32,77,539,63,8720,6,567,1540,420,245,75,26-07-2024 20:25
D,3,1676,16,3,6,14,3,7,14,105,50,2100,11,237,560,35,18,50,26-07-2024 20:25
E,3,1654,24,4,6,24,3,14,13,84,78,1750,25,366,490,28,15,45,26-07-2024 20:25
F,3,1523,10,3,7,11,5,6,12,70,53,2758,8,175,504,29,7,58,26-07-2024 20:25
G,3,1120,21,2,8,8,3,10,11,155,56,3351,11,189,760,37,8,42,26-07-2024 20:25
H,3,840,7,1,3,6,3,7,8,83,50,2309,10,238,350,31,9,56,26-07-2024 20:25
I,3,1314,6,5,4,10,6,9,7,58,48,1424,16,245,280,14,7,30,26-07-2024 20:25
J,3,1176,10,3,4,14,3,10,21,74,64,3153,11,182,617,42,15,40,26-07-2024 20:25
K,3,1064,11,2,4,8,3,6,10,117,49,2569,10,350,406,35,6,38,26-07-2024 20:25
L,3,784,8,1,5,6,3,4,8,60,96,2227,17,164,315,15,4,32,26-07-2024 20:25
M,3,1060,8,3,6,8,3,5,12,66,69,2164,10,225,721,20,5,35,26-07-2024 20:25
N,3,728,13,2,2,11,3,5,7,53,48,980,15,279,607,18,5,45,26-07-2024 20:25
O,3,1008,10,2,3,11,3,7,10,100,46,1330,9,291,392,20,8,37,26-07-2024 20:25
P,3,1177,7,2,4,8,3,7,6,49,49,910,8,133,266,13,2,34,26-07-2024 20:25
Q,3,952,13,2,3,10,3,6,9,96,46,1572,8,154,624,19,9,35,26-07-2024 20:25
R,3,616,6,2,2,5,3,6,6,56,82,840,6,126,252,12,2,36,26-07-2024 20:25
S,3,840,8,1,4,11,3,4,18,87,46,2445,8,301,442,17,7,35.2,26-07-2024 20:25
T,3,560,5,1,4,4,4,2,8,42,48,1371,6,156,238,11,2,25,26-07-2024 20:25
U,3,1137,7,2,4,9,5,7,14,53,44,2007,7,268,308,14,4,28,26-07-2024 20:25
V,3,537,8,1,2,6,6,1,8,35,51,630,8,191,297,8,1,22,26-07-2024 20:25
W,3,1376,7,2,5,18,3,3,7,59,46,980,9,,374,26,3,30,26-07-2024 20:25
X,3,690,6,1,4,9,4,1,5,64,90,1032,4,98,196,7,1,26,26-07-2024 20:25
A,40,4200,23,7,14,44,4,35,70,350,89,12054,13,350,2326,350,331,86.3,26-07-2024 20:25
B,40,3920,33,7,13,49,3,42,63,380,56,6300,8,336,1260,322,196,71.5,26-07-2024 20:25
C,40,5247,20,9,21,39,3,32,77,420,73,7700,6,364,1540,420,245,75,26-07-2024 20:25
D,40,1400,21,2,5,12,3,7,14,105,102,2937,11,210,560,35,19,50.6,26-07-2024 20:25
E,40,1260,13,4,4,15,3,8,13,146,70,1816,26,196,490,43,22,45,26-07-2024 20:25
F,40,980,12,2,6,8,5,11,11,138,61,1400,11,175,420,21,8,44,26-07-2024 20:25
G,40,2127,11,5,12,16,5,8,11,77,48,2574,11,272,745,45,8,50.6,26-07-2024 20:25
H,40,1249,7,2,4,9,5,5,10,63,50,1260,11,161,618,19,8,35,26-07-2024 20:25
I,40,834,6,3,5,6,3,4,9,56,48,1050,10,265,591,14,4,33,26-07-2024 20:25
J,40,1176,18,2,6,19,3,10,13,74,46,3494,11,237,586,27,8,53,26-07-2024 20:25
K,40,2070,13,7,7,16,3,11,10,67,93,1470,9,,406,22,13,38,26-07-2024 20:25
L,40,784,12,2,3,6,3,4,11,84,71,2377,8,220,315,15,7,34,26-07-2024 20:25
M,40,896,8,3,4,12,3,5,9,106,64,1260,13,158,513,20,5,35,26-07-2024 20:25
N,40,909,7,2,5,7,3,3,7,79,48,1479,11,183,294,15,3,30,26-07-2024 20:25
O,40,1059,9,2,4,10,5,9,10,96,47,1330,15,285,392,34,10,46,26-07-2024 20:25
P,40,672,6,2,2,5,3,6,8,79,49,995,12,254,356,13,2,28,26-07-2024 20:25
Q,40,1489,8,2,5,11,3,5,14,71,69,1420,8,192,423,23,5,35,26-07-2024 20:25
R,40,784,10,1,4,6,3,4,9,46,93,1662,6,126,252,19,4,25,26-07-2024 20:25
S,40,840,8,2,3,6,6,4,8,71,46,1190,15,147,336,24,4,32,26-07-2024 20:25
T,40,560,5,1,2,4,3,2,5,49,48,770,6,119,379,11,1,23,26-07-2024 20:25
U,40,784,7,1,3,10,3,4,12,58,92,1050,7,237,317,25,4,28,26-07-2024 20:25
V,40,794,4,1,5,9,3,2,9,42,48,1100,5,105,210,8,1,20,26-07-2024 20:25
W,40,1217,8,2,7,9,5,4,7,49,46,1582,7,133,582,26,3,28,26-07-2024 20:25
X,40,448,4,1,2,3,5,1,6,55,48,650,4,98,196,7,1,26,26-07-2024 20:25
A,41,4200,27,12,17,32,3,35,107,663,60,12928,9,350,1767,370,210,77,26-07-2024 20:25
B,41,8282,51,23,28,80,3,42,80,315,90,6300,11,471,1260,315,196,86,26-07-2024 20:25
C,41,4480,20,7,15,34,3,32,129,420,73,11168,9,740,1540,726,291,80,26-07-2024 20:25
D,41,2108,11,4,9,23,4,7,18,127,49,4395,11,431,560,35,29,50,26-07-2024 20:25
E,41,2496,13,5,16,20,3,18,17,172,85,2270,18,196,703,28,11,63,26-07-2024 20:25
F,41,1274,17,2,6,10,3,6,15,121,65,1602,17,268,420,27,7,58,26-07-2024 20:25
G,41,1860,11,3,6,29,3,8,11,77,48,2195,21,213,455,25,8,42,26-07-2024 20:25
H,41,1709,7,4,6,26,3,5,18,63,50,2146,8,161,702,18,12,35,26-07-2024 20:25
I,41,1447,8,3,5,13,3,6,9,114,60,1288,18,154,372,26,6,48,26-07-2024 20:25
J,41,1176,18,2,8,9,3,6,23,93,97,2485,11,182,476,31,10,57,26-07-2024 20:25
K,41,1670,16,6,6,13,3,6,16,67,54,1637,9,169,600,22,6,38,26-07-2024 20:25
L,41,784,9,2,3,6,3,4,8,60,86,2036,10,286,673,15,4,36,26-07-2024 20:25
M,41,1794,11,3,11,13,3,6,9,93,77,1260,21,158,386,39,5,35,26-07-2024 20:25
N,41,1304,10,3,4,20,3,5,7,104,100,1368,13,273,294,29,3,37,26-07-2024 20:25
O,41,1058,17,2,4,8,4,10,20,67,46,1330,9,165,690,34,7,37,26-07-2024 20:25
P,41,672,10,1,2,5,6,4,13,88,49,1376,9,133,266,17,2,30,26-07-2024 20:25
Q,41,1510,8,3,5,12,5,4,9,133,46,1260,12,277,378,19,6,40,26-07-2024 20:25
R,41,729,6,2,5,5,6,4,9,46,73,840,6,126,252,19,4,25,26-07-2024 20:25
S,41,1613,8,3,6,12,3,4,16,56,64,2205,11,147,336,30,5,38,26-07-2024 20:25
T,41,855,5,2,3,6,6,3,7,51,48,1063,6,119,238,11,3,31,26-07-2024 20:25
U,41,1354,15,3,5,10,4,6,10,53,44,1585,7,140,308,14,4,28,26-07-2024 20:25
V,41,504,9,1,2,4,3,1,5,35,48,630,5,105,210,10,1,22,26-07-2024 20:25
W,41,1480,6,5,5,16,4,3,11,64,46,980,11,133,294,21,3,28,26-07-2024 20:25
X,41,591,7,1,2,8,3,1,4,66,60,1025,5,118,196,7,1,23,26-07-2024 20:25
A,42,4200,31,7,14,32,4,40,137,456,60,7000,7,382,1400,350,210,77,26-07-2024 20:25
B,42,5961,46,10,20,45,4,42,63,502,56,6300,12,336,1260,603,295,65,26-07-2024 20:25
C,42,7508,21,19,48,99,3,32,77,420,63,13722,6,364,1540,458,245,100,26-07-2024 20:25
D,42,1400,11,2,5,11,3,9,27,225,90,2100,11,,560,35,14,56,26-07-2024 20:25
E,42,2624,13,5,9,25,5,13,20,84,46,3521,13,196,521,28,11,60,26-07-2024 20:25
F,42,2069,14,4,10,25,5,6,11,70,53,1400,17,175,538,23,15,40.6,26-07-2024 20:25
G,42,1155,12,2,5,9,3,15,22,77,57,1610,13,189,699,25,8,42,26-07-2024 20:25
H,42,840,7,3,3,11,3,9,14,109,50,1749,7,188,680,18,6,37,26-07-2024 20:25
I,42,1178,12,2,6,17,3,5,14,110,48,1050,10,261,301,24,7,30,26-07-2024 20:25
J,42,2017,20,6,7,30,3,13,12,130,46,2416,11,329,912,27,8,40,26-07-2024 20:25
K,42,1743,15,3,6,22,3,9,10,101,77,1470,17,168,486,22,6,38,26-07-2024 20:25
L,42,1207,8,3,4,9,5,4,8,60,75,1330,16,147,653,15,9,32,26-07-2024 20:25
M,42,896,15,1,4,7,3,5,9,103,85,2652,13,250,364,35,6,35,26-07-2024 20:25
N,42,728,9,1,3,10,5,3,7,85,70,1053,8,271,546,26,6,30,26-07-2024 20:25
O,42,1876,16,3,6,22,3,6,10,73,72,1330,9,226,523,38,10,43,26-07-2024 20:25
P,42,1425,6,2,8,20,3,6,6,49,72,910,8,133,457,13,3,38,26-07-2024 20:25
Q,42,1617,16,3,5,23,3,8,12,99,60,2668,9,256,378,22,5,35,26-07-2024 20:25
R,42,1265,10,3,5,13,4,5,6,59,62,1507,6,126,252,12,4,25,26-07-2024 20:25
S,42,1173,10,2,5,15,6,5,8,57,47,1190,8,147,336,17,9,32,26-07-2024 20:25
T,42,844,5,2,5,6,3,2,8,46,48,770,6,137,238,11,1,23,26-07-2024 20:25
U,42,1037,7,2,3,16,4,6,8,53,75,1050,13,140,616,23,7,28,26-07-2024 20:25
V,42,741,4,2,2,6,3,3,4,51,79,678,6,105,445,13,1,20,26-07-2024 20:25
W,42,1430,6,2,5,11,3,3,12,49,46,1509,7,253,294,26,3,28,26-07-2024 20:25
X,42,448,4,1,2,5,3,1,5,49,48,805,4,190,196,13,1,18,26-07-2024 20:25
A,43,4200,21,7,28,35,3,50,102,350,60,7136,7,350,2727,350,229,70,26-07-2024 20:25
B,43,3920,25,7,13,29,4,85,63,613,56,12743,12,336,2176,612,344,90,26-07-2024 20:25
C,43,4480,20,7,23,34,3,47,77,788,63,7700,8,364,2284,589,245,100,26-07-2024 20:25
D,43,1514,22,3,8,16,3,7,18,167,56,3952,11,210,569,41,27,72,26-07-2024 20:25
E,43,1894,16,5,8,14,3,8,13,108,74,2142,13,294,490,54,11,65,26-07-2024 20:25
F,43,979,17,3,3,15,3,6,11,143,53,2926,14,259,420,21,7,60,26-07-2024 20:25
G,43,1120,11,2,4,17,5,8,17,145,100,1736,11,367,455,41,12,42,26-07-2024 20:25
H,43,840,12,1,5,7,5,10,17,119,89,2082,7,198,350,33,6,35,26-07-2024 20:25
I,43,700,12,1,3,10,5,6,11,56,70,1050,20,198,280,14,4,30,26-07-2024 20:25
J,43,1176,11,2,4,18,3,9,22,74,46,1680,11,182,978,27,8,40,26-07-2024 20:25
K,43,1064,9,3,4,8,3,8,16,132,51,1470,9,168,747,40,8,38,26-07-2024 20:25
L,43,784,8,1,3,6,6,7,8,117,48,1120,8,238,315,19,4,39,26-07-2024 20:25
M,43,1452,8,3,5,14,3,8,12,68,46,1260,10,251,638,26,10,35,26-07-2024 20:25
N,43,1276,9,2,4,20,3,5,12,53,92,2025,8,,351,15,3,30,26-07-2024 20:25
O,43,1891,17,5,6,17,3,6,17,67,46,1330,17,165,392,23,6,37,26-07-2024 20:25
P,43,837,6,1,3,8,6,4,13,82,71,1531,7,282,266,13,2,33,26-07-2024 20:25
Q,43,951,12,3,5,11,4,5,9,119,51,1260,13,294,656,19,5,47,26-07-2024 20:25
R,43,616,8,1,2,5,3,5,10,46,48,1071,9,126,254,22,2,25,26-07-2024 20:25
S,43,1377,12,4,5,14,5,7,12,99,84,1190,14,147,546,17,7,37,26-07-2024 20:25
T,43,1096,8,2,4,8,6,3,5,90,101,1632,8,209,238,11,3,23,26-07-2024 20:25
U,43,993,7,3,4,10,4,4,8,61,44,1050,13,140,308,19,6,28,26-07-2024 20:25
V,43,714,4,1,2,11,4,1,4,35,61,630,5,105,210,8,1,20,26-07-2024 20:25
W,43,728,6,1,2,5,4,3,7,49,46,1750,7,188,294,13,4,39,26-07-2024 20:25
X,43,546,5,1,3,4,3,1,7,32,48,1024,4,136,362,11,1,18,26-07-2024 20:25
A,44,4200,44,7,14,32,5,35,128,580,60,10828,7,350,1400,350,210,77,26-07-2024 20:25
B,44,3920,33,7,18,29,3,42,116,323,111,6300,14,336,1260,664,409,65,26-07-2024 20:25
C,44,7291,20,17,30,55,3,32,77,686,132,15803,7,480,1558,884,504,75,26-07-2024 20:25
D,44,1400,11,4,5,17,3,7,14,105,49,3795,11,447,805,35,14,50,26-07-2024 20:25
E,44,1359,27,2,6,17,5,17,13,84,46,1750,13,196,991,28,15,61,26-07-2024 20:25
F,44,980,8,2,3,11,3,6,22,70,53,2485,15,256,610,43,11,53,26-07-2024 20:25
G,44,1120,12,3,7,18,3,8,11,77,48,1610,12,189,676,25,8,60,26-07-2024 20:25
H,44,840,11,3,3,7,6,10,9,128,89,1260,7,161,500,18,8,35,26-07-2024 20:25
I,44,1410,9,4,5,11,3,7,8,56,48,1050,20,278,280,14,4,35,26-07-2024 20:25
J,44,1741,19,6,6,13,3,6,24,125,87,1680,17,196,915,27,8,40,26-07-2024 20:25
K,44,1539,18,3,11,18,3,11,20,67,100,1470,9,168,451,25,6,38,26-07-2024 20:25
L,44,1019,9,3,5,9,6,4,8,60,48,2014,13,147,315,15,4,46,26-07-2024 20:25
M,44,1587,8,3,8,19,6,5,9,81,54,1408,18,158,623,40,8,35,26-07-2024 20:25
N,44,728,11,1,2,5,3,3,7,53,48,1623,13,274,295,29,4,33,26-07-2024 20:25
O,44,1008,9,3,4,8,3,6,15,123,46,1330,12,294,692,20,6,45,26-07-2024 20:25
P,44,672,10,1,3,6,3,4,13,49,96,910,11,133,450,26,2,35,26-07-2024 20:25
Q,44,952,8,2,6,7,3,7,9,63,46,1437,14,154,575,19,9,49,26-07-2024 20:25
R,44,1248,8,2,4,9,6,4,6,46,48,912,11,126,335,18,2,25,26-07-2024 20:25
S,44,1604,16,5,7,13,5,7,10,56,46,1190,11,241,336,23,4,32,26-07-2024 20:25
T,44,560,10,1,3,4,3,2,5,42,48,1159,8,119,443,11,1,27,26-07-2024 20:25
U,44,1080,7,3,5,17,5,4,8,53,44,1050,7,140,308,22,6,28,26-07-2024 20:25
V,44,901,6,3,3,7,4,1,9,35,48,1154,5,176,210,8,1,20,26-07-2024 20:25
W,44,728,6,1,5,5,3,3,10,89,46,1956,7,146,294,13,3,28,26-07-2024 20:25
X,44,448,5,1,2,3,5,2,4,36,48,1127,9,98,416,8,1,25,26-07-2024 20:25
A,45,4200,21,11,14,45,3,52,103,595,116,7000,8,549,2662,350,210,77,26-07-2024 20:25
B,45,5684,25,12,21,43,3,42,63,315,56,6300,14,515,1260,598,266,65,26-07-2024 20:25
C,45,4480,20,7,23,51,5,32,77,420,63,7700,6,551,1540,568,494,82,26-07-2024 20:25
D,45,2056,11,5,9,21,5,10,17,204,58,2100,11,210,791,71,27,50,26-07-2024 20:25
E,45,1752,26,3,7,17,5,8,13,84,71,2733,13,213,490,28,11,62,26-07-2024 20:25
F,45,980,15,2,3,14,3,6,12,70,53,1400,18,296,465,33,7,40,26-07-2024 20:25
G,45,1120,22,3,4,8,4,15,19,77,52,2345,19,189,686,51,11,55,26-07-2024 20:25
H,45,840,13,3,3,10,3,8,8,122,96,2067,11,161,417,20,9,39,26-07-2024 20:25
I,45,843,9,2,3,6,3,4,7,58,58,1215,16,177,587,14,4,41,26-07-2024 20:25
J,45,2159,13,6,14,22,5,6,22,157,63,1680,11,373,476,54,8,55,26-07-2024 20:25
K,45,1064,10,2,5,8,5,6,10,67,49,1470,9,168,578,27,8,38,26-07-2024 20:25
L,45,784,8,1,3,6,3,7,8,105,48,1158,8,147,315,28,5,35,26-07-2024 20:25
M,45,896,13,2,3,7,5,5,19,63,46,1260,10,204,364,20,7,35.6,26-07-2024 20:25
N,45,728,7,1,2,8,5,3,14,53,48,980,12,140,371,15,3,32,26-07-2024 20:25
O,45,1008,9,2,3,11,3,6,13,67,46,2359,9,165,406,25,9,37,26-07-2024 20:25
P,45,672,12,1,4,5,3,4,6,49,87,1733,7,142,448,22,3,28.6,26-07-2024 20:25
Q,45,1186,8,2,4,17,3,6,14,88,46,1260,9,154,378,19,5,35,26-07-2024 20:25
R,45,782,6,2,3,11,6,3,7,68,48,840,6,267,252,16,2,25.6,26-07-2024 20:25
S,45,840,8,2,3,12,4,4,8,56,54,2047,8,299,336,26,4,33,26-07-2024 20:25
T,45,1031,9,2,3,8,3,3,5,69,52,1158,6,219,417,11,1,23,26-07-2024 20:25
U,45,784,7,1,3,7,5,4,10,62,44,1916,8,240,308,29,7,28,26-07-2024 20:25
V,45,504,7,2,2,7,3,3,7,48,48,630,5,224,210,8,1,22.4,26-07-2024 20:25
W,45,728,8,1,2,5,3,4,7,49,46,980,7,141,565,13,3,31,26-07-2024 20:25
X,45,573,5,1,2,5,3,1,7,33,48,1014,4,164,196,9,1,18,26-07-2024 20:25
A,46,4200,21,15,14,32,5,35,70,536,110,11696,8,698,1400,361,322,77,26-07-2024 20:25
B,46,6144,32,21,20,57,3,42,119,315,56,6300,8,336,1679,315,297,65,26-07-2024 20:25
C,46,4671,40,8,24,35,4,32,165,690,63,12311,6,364,1540,420,469,100,26-07-2024 20:25
D,46,2776,20,5,9,21,3,7,14,139,49,2355,11,218,560,35,23,50,26-07-2024 20:25
E,46,2280,25,7,9,25,4,17,24,84,81,2785,23,389,994,46,11,45,26-07-2024 20:25
F,46,980,8,2,3,7,3,8,11,70,56,2801,8,175,420,21,7,40,26-07-2024 20:25
G,46,1120,16,2,7,8,3,14,11,77,48,3104,12,189,455,40,8,42,26-07-2024 20:25
H,46,1510,7,5,5,22,3,6,8,91,50,1362,7,243,350,18,11,35,26-07-2024 20:25
I,46,706,6,2,2,11,3,8,7,112,48,1050,20,183,566,14,5,30,26-07-2024 20:25
J,46,1708,10,3,12,19,6,11,12,95,46,2965,20,324,476,33,8,40,26-07-2024 20:25
K,46,1064,9,2,4,8,4,6,19,102,49,1470,9,168,504,23,6,38,26-07-2024 20:25
L,46,784,8,1,3,6,5,5,8,62,70,1169,8,216,603,30,6,35,26-07-2024 20:25
M,46,1214,15,2,4,10,3,5,16,89,46,2085,20,158,424,20,9,43,26-07-2024 20:25
N,46,1284,7,4,4,10,3,5,7,66,48,980,8,224,582,15,3,36,26-07-2024 20:25
O,46,1008,9,2,5,8,3,8,10,67,47,2598,16,223,392,20,9,43,26-07-2024 20:25
P,46,834,12,3,4,12,3,4,6,55,49,910,9,178,570,15,2,28,26-07-2024 20:25
Q,46,960,12,2,3,15,3,5,9,63,89,1707,9,154,378,19,10,35,26-07-2024 20:25
R,46,1106,6,2,6,14,3,3,6,46,51,1794,8,131,458,18,4,25,26-07-2024 20:25
S,46,840,13,2,3,10,4,4,8,56,48,1190,14,164,336,34,4,32.6,26-07-2024 20:25
T,46,1145,5,2,5,12,5,3,5,49,48,1407,6,119,239,13,2,23,26-07-2024 20:25
U,46,784,14,2,5,8,3,6,15,53,71,1417,13,140,308,14,5,28,26-07-2024 20:25
V,46,1037,6,2,4,13,3,1,4,73,50,630,5,105,210,8,1,20,26-07-2024 20:25
W,46,728,6,1,2,11,3,3,10,49,78,980,9,133,294,13,3,36,26-07-2024 20:25
X,46,640,4,1,3,5,3,1,6,32,91,560,4,98,268,7,1,18,26-07-2024 20:25
A,47,4200,34,9,14,32,5,35,70,668,60,11481,7,350,1877,718,420,70,26-07-2024 20:25
B,47,5009,29,10,17,38,5,42,126,562,117,8858,8,350,1260,315,196,65,26-07-2024 20:25
C,47,4480,26,7,15,37,3,32,120,870,111,11917,6,647,1540,485,245,85,26-07-2024 20:25
D,47,2923,11,8,14,35,3,15,14,105,91,4455,11,210,945,67,14,62,26-07-2024 20:25
E,47,2273,26,4,8,20,3,13,13,84,79,1916,13,196,742,28,19,47,26-07-2024 20:25
F,47,980,8,2,4,7,3,6,11,114,90,1844,13,175,825,23,7,40,26-07-2024 20:25
G,47,1120,11,4,4,8,4,9,19,77,100,1610,11,227,455,25,8,54,26-07-2024 20:25
H,47,1555,7,3,5,12,5,5,8,63,73,1739,14,220,350,18,6,35,26-07-2024 20:25
I,47,700,12,2,4,5,6,5,7,114,94,1050,15,219,280,14,4,30,26-07-2024 20:25
J,47,1596,17,4,8,12,3,6,12,152,59,3293,15,182,681,42,12,40,26-07-2024 20:25
K,47,1744,15,3,6,13,3,6,10,67,49,1953,9,168,773,22,8,38,26-07-2024 20:25
L,47,784,12,2,3,12,3,4,8,60,48,1490,10,297,315,29,8,32,26-07-2024 20:25
M,47,1893,12,4,12,25,3,5,9,95,46,2234,11,158,364,20,5,47.28,26-07-2024 20:25
N,47,728,7,2,2,5,5,4,14,53,48,2030,15,140,538,26,5,35,26-07-2024 20:25
O,47,1198,9,2,7,9,3,6,13,67,46,2324,9,251,639,20,7,37,26-07-2024 20:25
P,47,1151,13,2,4,12,4,4,11,49,49,910,7,226,266,26,2,46.2,26-07-2024 20:25
Q,47,952,17,2,5,7,3,9,9,128,72,1260,8,154,378,25,8,51,26-07-2024 20:25
R,47,731,6,1,4,11,4,3,10,95,48,840,11,126,430,23,2,25,26-07-2024 20:25
S,47,1000,8,3,3,8,3,4,16,100,46,1190,15,,336,17,6,32,26-07-2024 20:25
T,47,698,8,2,4,5,3,4,8,77,87,1162,9,179,238,15,1,23,26-07-2024 20:25
U,47,784,7,3,3,11,3,4,11,53,71,1779,14,140,329,14,4,28,26-07-2024 20:25
V,47,504,4,2,4,6,3,1,4,35,48,971,8,221,210,14,1,20,26-07-2024 20:25
W,47,728,8,2,5,9,3,3,9,62,46,980,7,133,457,13,5,28,26-07-2024 20:25
X,47,448,6,1,2,5,5,2,4,42,48,560,4,195,196,12,1,26,26-07-2024 20:25
A,48,7755,21,13,26,58,6,59,85,350,76,9222,7,350,1400,350,224,77,26-07-2024 20:25
B,48,5900,27,10,20,81,3,42,63,404,56,6300,10,336,1260,585,230,65,26-07-2024 20:25
C,48,4789,21,8,30,40,3,42,77,420,63,7700,6,364,2596,420,245,75,26-07-2024 20:25
D,48,1961,14,3,11,15,3,14,26,170,49,2127,11,297,560,68,14,50,26-07-2024 20:25
E,48,1260,13,2,5,17,3,18,27,84,54,3534,13,389,490,28,11,45,26-07-2024 20:25
F,48,980,14,2,6,7,5,7,21,70,82,1400,16,175,420,21,7,49,26-07-2024 20:25
G,48,2313,23,4,11,26,3,12,24,77,52,1610,22,313,792,48,8,56,26-07-2024 20:25
H,48,1171,10,2,4,9,3,5,8,63,50,1260,7,303,350,18,6,45,26-07-2024 20:25
I,48,700,6,1,5,8,4,6,7,56,78,1050,10,154,419,29,4,33,26-07-2024 20:25
J,48,2419,12,5,14,38,3,9,12,74,46,1680,11,182,927,27,8,40,26-07-2024 20:25
K,48,1782,9,5,6,13,5,7,19,86,71,2553,9,168,406,32,6,38,26-07-2024 20:25
L,48,797,10,3,3,6,3,5,14,72,51,2215,13,283,405,27,4,32,26-07-2024 20:25
M,48,991,14,2,6,7,3,7,17,66,46,2214,10,158,364,20,6,35,26-07-2024 20:25
N,48,866,7,1,5,9,5,3,7,53,52,980,15,140,294,30,6,30,26-07-2024 20:25
O,48,1099,15,2,4,13,3,8,10,117,46,2479,9,337,392,20,11,58,26-07-2024 20:25
P,48,672,11,2,3,7,4,6,8,49,98,910,7,133,313,18,2,28,26-07-2024 20:25
Q,48,952,17,3,3,14,3,8,9,90,54,1260,17,254,763,19,10,38,26-07-2024 20:25
R,48,685,6,1,2,7,3,3,8,80,51,1040,6,126,486,24,3,31,26-07-2024 20:25
S,48,840,8,2,6,6,4,4,8,56,46,1190,8,147,336,32,4,33,26-07-2024 20:25
T,48,864,7,1,3,8,3,2,6,42,64,1067,6,119,275,18,1,27,26-07-2024 20:25
U,48,784,7,1,5,7,3,6,8,53,44,1050,11,140,308,16,6,28,26-07-2024 20:25
V,48,504,4,1,2,4,5,1,6,41,48,948,7,150,210,8,1,24,26-07-2024 20:25
W,48,842,13,1,3,6,3,3,7,59,46,1835,7,267,366,13,6,39,26-07-2024 20:25
X,48,448,5,1,2,3,6,1,5,65,48,1152,4,123,271,11,1,18,26-07-2024 20:25
A,49,4872,36,15,33,37,5,35,70,350,67,7000,11,350,1660,520,210,74,26-07-2024 20:25
B,49,5719,40,13,31,43,5,43,63,321,109,10207,8,717,1260,634,407,65,26-07-2024 20:25
C,49,7906,42,13,26,81,3,32,108,420,122,7700,6,364,1614,420,245,81,26-07-2024 20:25
D,49,2183,21,4,8,25,3,12,28,173,49,2711,16,210,761,41,20,50,26-07-2024 20:25
E,49,2231,17,4,7,35,5,9,13,166,46,2509,13,399,681,51,20,46,26-07-2024 20:25
F,49,1872,8,3,11,14,5,6,11,109,53,1400,12,175,749,21,7,40,26-07-2024 20:25
G,49,1120,14,3,4,15,4,11,12,77,48,1610,12,189,936,44,12,42,26-07-2024 20:25
H,49,959,7,2,3,14,3,7,13,97,50,1553,14,161,350,18,6,35,26-07-2024 20:25
I,49,1240,6,2,4,9,3,5,7,94,48,1050,10,275,280,14,4,30,26-07-2024 20:25
J,49,1176,11,2,7,11,3,6,12,94,81,1680,19,182,517,48,12,40,26-07-2024 20:25
K,49,1711,19,3,9,18,3,6,19,67,49,2993,9,168,570,45,6,38,26-07-2024 20:25
L,49,1149,8,3,6,9,3,4,8,60,93,1120,8,294,315,20,5,32,26-07-2024 20:25
M,49,1220,8,2,4,19,3,5,9,105,88,1260,12,328,464,20,7,35,26-07-2024 20:25
N,49,1438,7,3,5,16,5,3,7,97,81,1422,8,196,294,27,3,30,26-07-2024 20:25
O,49,1689,9,3,11,26,5,8,10,67,65,1508,14,210,392,21,10,40,26-07-2024 20:25
P,49,672,6,1,2,5,4,4,11,49,93,910,7,133,339,13,4,28,26-07-2024 20:25
Q,49,1166,8,2,4,19,6,6,9,63,46,1530,15,154,378,19,5,50,26-07-2024 20:25
R,49,616,10,2,2,7,5,3,9,48,85,1717,6,135,252,12,2,25,26-07-2024 20:25
S,49,1364,8,3,5,14,3,6,11,101,46,2360,15,,336,17,7,47,26-07-2024 20:25
T,49,1195,5,3,4,14,6,2,7,90,55,993,9,119,293,21,1,23,26-07-2024 20:25
U,49,954,7,2,3,7,3,7,12,61,44,1050,7,140,391,25,4,31,26-07-2024 20:25
V,49,503,7,1,2,8,5,3,5,35,48,685,9,173,309,15,1,26,26-07-2024 20:25
W,49,761,6,2,3,6,3,3,10,49,46,980,14,195,294,26,3,28,26-07-2024 20:25
X,49,859,4,1,3,6,5,2,4,55,78,673,4,181,310,8,1,18,26-07-2024 20:25
A,4,4921,21,9,16,70,4,58,70,665,104,9386,7,517,1400,350,227,70,26-07-2024 20:25
B,4,5514,39,9,22,68,3,60,109,533,56,6300,17,394,1525,315,305,65,26-07-2024 20:25
C,4,9348,35,33,31,135,3,54,86,896,134,7700,6,590,2223,755,266,75,26-07-2024 20:25
D,4,2906,13,5,10,22,5,11,14,203,49,2100,19,223,560,35,14,50,26-07-2024 20:25
E,4,1260,20,4,6,17,3,8,22,151,46,1750,13,349,859,44,11,45,26-07-2024 20:25
F,4,979,8,2,3,11,3,10,11,70,53,1612,8,,420,36,7,45,26-07-2024 20:25
G,4,1120,14,3,7,13,3,8,20,107,70,1610,13,189,455,43,17,42,26-07-2024 20:25
H,4,1728,7,4,12,13,3,8,17,63,51,1260,7,179,350,18,11,39,26-07-2024 20:25
I,4,1343,12,3,7,15,4,4,7,56,48,1707,16,192,592,14,6,30,26-07-2024 20:25
J,4,1176,19,2,4,9,6,7,12,74,93,1680,11,185,558,27,8,40,26-07-2024 20:25
K,4,1209,9,4,4,9,5,6,18,67,49,2958,9,168,775,22,6,50,26-07-2024 20:25
L,4,1076,8,2,7,8,3,4,13,61,48,1120,16,147,317,20,5,32,26-07-2024 20:25
M,4,929,14,2,5,12,5,5,9,65,46,1260,15,193,727,20,8,35,26-07-2024 20:25
N,4,728,12,3,2,5,4,3,7,53,48,2079,8,140,294,16,5,30,26-07-2024 20:25
O,4,2146,12,4,7,16,3,6,10,67,46,2664,18,194,479,20,8,37,26-07-2024 20:25
P,4,672,10,1,5,7,3,4,13,56,52,1626,9,133,296,13,4,28,26-07-2024 20:25
Q,4,952,14,2,3,7,3,4,9,63,86,1260,8,284,378,19,8,38,26-07-2024 20:25
R,4,616,6,2,3,5,5,3,6,83,48,1219,6,126,252,25,2,25,26-07-2024 20:25
S,4,840,12,2,6,6,5,4,18,86,46,1190,8,233,688,21,5,32,26-07-2024 20:25
T,4,1170,5,2,8,9,3,2,5,42,90,770,9,138,238,11,2,30,26-07-2024 20:25
U,4,1152,9,2,4,10,5,4,12,53,44,1050,12,248,308,30,5,28,26-07-2024 20:25
V,4,699,7,2,2,5,5,3,9,35,48,630,5,105,210,14,1,20,26-07-2024 20:25
W,4,728,6,1,4,12,3,3,7,76,46,980,12,133,462,16,3,28,26-07-2024 20:25
X,4,448,6,1,3,3,3,1,4,32,51,560,8,98,417,13,1,18,26-07-2024 20:25
A,50,7310,21,12,33,59,6,71,97,696,111,7000,7,350,1400,350,223,70,26-07-2024 20:25
B,50,3920,25,7,13,61,3,50,63,389,56,6300,15,588,1909,315,233,93,26-07-2024 20:25
C,50,4480,20,7,15,34,3,58,138,499,63,7700,8,512,1540,615,245,75,26-07-2024 20:25
D,50,1400,11,3,5,12,3,14,14,105,104,2100,16,240,713,51,28,50,26-07-2024 20:25
E,50,1260,18,2,4,20,3,8,20,84,71,1750,13,196,490,28,16,45,26-07-2024 20:25
F,50,1585,8,5,5,12,3,6,11,78,54,2173,8,175,819,21,13,40,26-07-2024 20:25
G,50,1120,11,2,4,17,3,8,11,77,48,1610,11,218,529,25,8,42,26-07-2024 20:25
H,50,1239,7,2,4,9,3,5,15,63,50,2507,7,230,350,18,11,35,26-07-2024 20:25
I,50,1030,6,2,3,8,3,5,7,85,102,1495,18,154,280,14,5,30,26-07-2024 20:25
J,50,1176,10,3,5,11,3,6,12,124,60,1680,15,182,993,30,10,40,26-07-2024 20:25
K,50,1064,9,3,6,15,3,6,20,132,80,2800,11,249,406,22,6,46,26-07-2024 20:25
L,50,1393,8,2,5,10,3,4,8,75,48,1671,16,147,315,29,7,39,26-07-2024 20:25
M,50,1036,8,2,3,8,3,5,15,63,46,1405,14,237,364,20,5,35,26-07-2024 20:25
N,50,728,7,1,3,6,3,3,7,97,48,1171,16,140,581,19,4,30,26-07-2024 20:25
O,50,1969,12,3,7,23,3,6,10,67,46,2749,13,300,820,32,8,37,26-07-2024 20:25
P,50,672,12,1,4,8,3,7,10,72,49,942,11,192,397,26,2,28,26-07-2024 20:25
Q,50,952,18,2,3,7,5,5,9,84,46,2048,16,154,378,19,5,35,26-07-2024 20:25
R,50,616,6,1,2,8,3,5,8,49,48,994,13,126,489,15,2,25,26-07-2024 20:25
S,50,1463,10,5,5,11,3,4,8,56,46,1190,8,291,539,17,4,32,26-07-2024 20:25
T,50,560,5,1,3,6,3,2,10,42,48,1420,6,208,238,17,1,23,26-07-2024 20:25
U,50,806,15,1,3,7,6,7,8,53,79,1848,7,140,308,14,4,28,26-07-2024 20:25
V,50,504,4,1,2,8,3,1,4,73,48,630,5,146,333,11,1,24,26-07-2024 20:25
W,50,728,6,2,2,6,3,3,7,49,46,980,11,180,294,17,3,28,26-07-2024 20:25
X,50,559,7,1,2,4,3,1,4,32,48,926,4,98,225,7,1,18,26-07-2024 20:25
A,51,4745,25,12,16,36,3,35,134,510,63,7000,11,682,1400,600,433,86,26-07-2024 20:25
B,51,3920,36,11,26,29,3,43,63,315,92,6300,8,419,1260,572,196,65,26-07-2024 20:25
C,51,7966,20,18,27,70,3,66,122,797,134,7700,11,364,2328,420,269,75,26-07-2024 20:25
D,51,1400,17,5,7,11,3,11,14,109,80,2100,11,350,1059,35,14,50,26-07-2024 20:25
E,51,1899,13,5,10,14,4,10,13,84,89,1750,26,413,490,58,11,55,26-07-2024 20:25
F,51,980,8,2,3,7,4,6,18,70,71,1400,11,257,420,41,9,61.76,26-07-2024 20:25
G,51,2228,11,8,7,17,3,10,11,137,92,1610,18,189,904,41,8,42.6,26-07-2024 20:25
H,51,840,7,2,3,12,3,5,8,131,50,1260,13,308,711,18,7,43,26-07-2024 20:25
I,51,1419,6,2,5,15,4,4,12,56,79,1435,10,154,521,21,4,31,26-07-2024 20:25
J,51,1176,10,2,7,9,3,9,24,144,46,1680,12,182,476,27,9,40,26-07-2024 20:25
K,51,1064,9,2,4,13,3,9,16,70,49,1486,9,168,712,22,6,38,26-07-2024 20:25
L,51,1429,8,2,5,15,4,4,8,68,48,2167,13,171,315,15,4,32,26-07-2024 20:25
M,51,1138,10,2,4,13,3,8,9,63,48,2487,14,254,757,20,5,35,26-07-2024 20:25
N,51,728,10,2,3,5,5,4,7,53,48,1203,13,140,294,15,3,30,26-07-2024 20:25
O,51,1450,9,4,5,23,3,11,10,107,46,2198,15,165,686,20,6,55,26-07-2024 20:25
P,51,769,8,1,5,6,3,4,6,49,49,1147,8,133,422,13,4,28,26-07-2024 20:25
Q,51,952,17,3,3,13,3,5,9,131,59,1260,9,294,378,29,5,44,26-07-2024 20:25
R,51,616,11,2,3,7,5,3,11,46,48,1444,6,126,252,17,4,25,26-07-2024 20:25
S,51,1267,9,5,4,16,3,7,18,56,71,1190,8,147,471,29,4,32,26-07-2024 20:25
T,51,560,8,2,2,5,4,4,9,76,48,770,12,119,452,14,3,23,26-07-2024 20:25
U,51,784,14,1,3,6,3,4,8,53,57,1849,15,145,532,26,5,30,26-07-2024 20:25
V,51,788,4,2,3,9,4,3,5,70,100,1178,5,105,221,8,1,20,26-07-2024 20:25
W,51,964,12,3,3,7,3,3,9,72,93,980,13,133,294,14,4,28,26-07-2024 20:25
X,51,448,4,1,3,3,7,1,4,32,60,560,5,142,228,7,1,18,26-07-2024 20:25
A,52,7880,24,25,39,106,3,69,98,350,115,7000,7,350,2900,738,381,70,26-07-2024 20:25
B,52,5633,33,12,19,62,3,45,63,407,56,6821,12,560,1716,399,262,94,26-07-2024 20:25
C,52,8752,36,15,50,66,3,35,96,420,114,15108,11,521,1577,420,245,75,26-07-2024 20:25
D,52,1957,18,6,8,18,3,13,21,130,95,4164,11,,1019,68,14,50,26-07-2024 20:25
E,52,1903,17,4,6,14,3,14,13,103,96,2794,24,196,634,28,21,60,26-07-2024 20:25
F,52,980,8,3,3,7,5,6,12,140,105,1400,10,175,874,21,7,50,26-07-2024 20:25
G,52,1414,17,2,5,11,3,12,19,77,49,1610,12,367,455,30,8,42,26-07-2024 20:25
H,52,840,7,1,4,6,3,5,8,90,50,1870,7,345,350,18,12,35,26-07-2024 20:25
I,52,700,6,2,2,5,3,7,14,56,99,1050,10,154,308,22,6,33,26-07-2024 20:25
J,52,1276,10,2,8,10,3,6,12,157,68,3232,11,318,476,27,15,41,26-07-2024 20:25
K,52,1614,9,3,5,21,4,9,10,84,76,1470,9,168,472,23,11,38,26-07-2024 20:25
L,52,863,8,1,4,11,4,6,14,60,48,1120,17,147,315,15,4,32,26-07-2024 20:25
M,52,1874,8,6,9,14,5,9,9,63,82,2044,13,232,665,20,7,35,26-07-2024 20:25
N,52,1226,7,3,4,12,4,3,14,59,48,1529,16,140,294,15,6,30,26-07-2024 20:25
O,52,1007,17,3,6,11,3,6,14,108,46,1330,12,165,760,21,6,37,26-07-2024 20:25
P,52,672,11,1,5,10,6,4,7,87,49,1224,8,133,505,14,3,39,26-07-2024 20:25
Q,52,952,11,3,3,13,6,4,9,116,46,1938,15,154,616,24,10,35,26-07-2024 20:25
R,52,616,6,1,2,8,3,5,6,46,71,1084,6,251,435,21,2,25,26-07-2024 20:25
S,52,840,15,3,5,6,4,4,8,56,46,1190,8,147,635,24,4,32,26-07-2024 20:25
T,52,560,5,2,2,4,3,4,7,64,48,826,11,223,238,11,3,23,26-07-2024 20:25
U,52,856,8,2,3,6,3,6,8,108,62,1432,7,246,410,15,4,41,26-07-2024 20:25
V,52,504,4,2,3,4,6,1,4,52,81,1326,6,105,230,8,1,22,26-07-2024 20:25
W,52,1418,12,2,5,11,5,3,7,85,46,980,14,133,294,18,3,39,26-07-2024 20:25
X,52,912,4,3,3,7,3,1,7,38,48,560,4,98,233,9,1,18,26-07-2024 20:25
A,53,4431,30,7,28,37,3,36,70,350,60,14926,7,350,2241,350,210,77,26-07-2024 20:25
B,53,3920,25,7,13,56,5,50,63,315,118,10692,8,336,1260,656,332,65,26-07-2024 20:25
C,53,9217,32,19,31,69,3,33,91,420,111,12067,6,493,1766,619,245,75,26-07-2024 20:25
D,53,2644,11,7,12,20,5,13,14,105,88,2100,16,439,709,35,25,50,26-07-2024 20:25
E,53,2160,13,4,12,29,3,8,13,84,46,1750,23,196,490,55,11,45,26-07-2024 20:25
F,53,980,15,3,4,7,3,7,22,70,87,2894,8,327,443,25,7,40,26-07-2024 20:25
G,53,1120,11,4,6,8,6,8,12,77,83,1656,23,341,455,25,13,51,26-07-2024 20:25
H,53,840,11,3,3,13,3,6,17,63,50,1804,7,258,631,23,8,35,26-07-2024 20:25
I,53,978,6,3,4,7,5,8,7,109,75,1050,15,154,280,14,4,30,26-07-2024 20:25
J,53,2423,10,4,12,18,3,6,12,146,66,1680,18,182,753,27,14,40,26-07-2024 20:25
K,53,1661,9,3,9,23,3,8,18,130,66,2384,9,168,406,22,6,42,26-07-2024 20:25
L,53,784,8,1,4,7,3,4,8,83,74,1354,11,147,477,15,7,32,26-07-2024 20:25
M,53,1871,8,5,12,17,3,6,9,97,46,2006,10,331,611,28,8,43,26-07-2024 20:25
N,53,728,10,2,2,5,6,3,15,105,48,1756,13,271,336,15,4,30,26-07-2024 20:25
O,53,1008,11,2,5,8,3,6,10,97,61,1330,9,227,392,35,6,37,26-07-2024 20:25
P,53,1042,6,4,6,8,4,6,9,94,49,1266,9,211,266,20,3,28,26-07-2024 20:25
Q,53,1519,8,3,10,16,3,6,15,107,46,1676,9,154,382,19,6,35,26-07-2024 20:25
R,53,932,6,2,6,7,6,3,10,95,53,1728,10,226,252,16,4,32,26-07-2024 20:25
S,53,1695,13,3,7,22,3,4,8,71,75,1534,8,147,432,17,9,33,26-07-2024 20:25
T,53,1094,6,2,5,17,3,2,8,42,97,852,6,119,380,11,3,23,26-07-2024 20:25
U,53,784,12,1,3,6,5,7,8,101,79,1301,7,140,308,14,5,28.6,26-07-2024 20:25
V,53,1023,5,2,3,16,4,1,5,35,51,630,5,111,260,8,1,22,26-07-2024 20:25
W,53,1479,10,4,9,14,3,3,7,49,82,1466,12,245,535,25,4,41,26-07-2024 20:25
X,53,557,4,1,2,4,6,1,4,32,48,804,4,98,385,12,1,18,26-07-2024 20:25
A,5,4200,40,15,26,32,3,35,141,357,60,12968,10,350,2155,350,210,77,26-07-2024 20:25
B,5,3920,25,8,13,29,6,42,63,315,111,11865,8,336,1260,315,196,85,26-07-2024 20:25
C,5,4870,34,9,16,46,4,39,77,574,90,9010,11,621,2913,420,245,75,26-07-2024 20:25
D,5,1604,11,3,5,25,6,7,14,163,99,2100,11,304,1021,43,22,50,26-07-2024 20:25
E,5,2595,26,4,9,19,3,8,13,105,46,1750,13,196,490,47,11,45,26-07-2024 20:25
F,5,1264,8,4,4,16,3,7,11,70,53,2673,8,312,420,32,8,40,26-07-2024 20:25
G,5,1697,11,3,6,27,3,15,11,77,48,1610,11,189,710,25,8,55,26-07-2024 20:25
H,5,1023,14,3,3,10,3,9,10,63,103,1982,7,223,441,18,12,35,26-07-2024 20:25
I,5,1174,6,2,7,14,5,8,7,119,48,1050,17,233,280,15,4,32,26-07-2024 20:25
J,5,1176,15,4,6,9,4,6,12,74,84,1680,17,259,490,27,9,44,26-07-2024 20:25
K,5,2233,12,4,7,17,5,6,15,76,49,1470,9,360,406,24,12,43,26-07-2024 20:25
L,5,1159,8,4,6,15,3,4,12,60,96,1120,8,147,315,18,4,42,26-07-2024 20:25
M,5,896,8,2,6,11,5,10,13,63,47,1556,12,255,364,20,9,35,26-07-2024 20:25
N,5,1070,7,2,4,8,5,6,12,97,84,1649,8,140,294,23,4,30,26-07-2024 20:25
O,5,1008,9,3,6,8,3,9,10,67,75,2088,9,165,392,20,6,37,26-07-2024 20:25
P,5,979,6,2,3,14,3,4,8,49,49,1893,13,261,266,13,2,28,26-07-2024 20:25
Q,5,952,8,3,7,12,3,4,9,90,69,1378,12,154,755,19,6,35.6,26-07-2024 20:25
R,5,1273,12,3,4,10,5,5,8,63,48,840,6,126,252,14,4,25,26-07-2024 20:25
S,5,1301,12,4,9,10,5,6,10,113,71,1190,8,238,473,32,7,32,26-07-2024 20:25
T,5,821,5,1,3,6,3,2,9,48,64,958,6,119,459,11,1,23,26-07-2024 20:25
U,5,1258,7,4,4,13,4,4,8,53,58,1054,9,140,624,14,6,33.92,26-07-2024 20:25
V,5,503,6,2,2,4,5,3,7,47,74,1097,5,105,210,17,1,22,26-07-2024 20:25
W,5,774,13,1,3,6,4,3,7,67,46,980,7,133,341,13,3,31,26-07-2024 20:25
X,5,765,4,3,3,6,3,2,7,32,48,560,4,98,196,7,1,18,26-07-2024 20:25
A,6,8008,21,27,43,60,5,35,123,388,90,7000,7,476,1400,350,210,77,26-07-2024 20:25
B,6,8341,38,30,56,63,3,42,63,426,96,7848,13,345,1260,315,245,65,26-07-2024 20:25
C,6,4535,41,12,22,63,3,32,157,420,63,9502,12,574,2316,420,257,90,26-07-2024 20:25
D,6,2954,21,5,21,41,5,7,15,105,49,2100,11,260,560,62,14,50.6,26-07-2024 20:25
E,6,2069,26,3,12,33,3,14,13,84,59,1750,16,196,490,28,11,53,26-07-2024 20:25
F,6,980,8,2,5,7,3,12,14,79,107,1400,8,175,547,39,7,40,26-07-2024 20:25
G,6,1120,21,2,4,15,5,8,19,77,63,3368,11,189,799,40,12,42,26-07-2024 20:25
H,6,840,7,3,3,10,3,5,13,63,50,1260,7,234,350,22,9,35.6,26-07-2024 20:25
I,6,700,9,2,2,5,4,8,9,56,82,1523,10,178,454,14,4,31,26-07-2024 20:25
J,6,2273,10,4,10,19,3,6,20,147,56,2191,11,182,484,27,10,40.6,26-07-2024 20:25
K,6,1064,9,2,7,8,4,11,14,67,49,1724,16,313,660,34,9,55,26-07-2024 20:25
L,6,784,9,3,5,7,3,7,8,86,48,1120,8,307,588,15,4,39,26-07-2024 20:25
M,6,896,8,3,5,7,3,5,10,63,46,1622,18,165,364,23,5,54,26-07-2024 20:25
N,6,728,7,1,2,5,6,3,13,64,48,1280,8,263,490,29,3,36,26-07-2024 20:25
O,6,1455,9,2,5,11,3,6,10,132,76,1330,15,181,528,42,8,37,26-07-2024 20:25
P,6,672,7,1,4,5,4,4,11,49,74,1848,13,133,521,14,2,28,26-07-2024 20:25
Q,6,1467,13,2,5,11,3,6,11,132,46,1698,8,154,414,19,5,43,26-07-2024 20:25
R,6,616,9,2,3,9,3,3,6,62,48,840,8,126,252,12,4,33,26-07-2024 20:25
S,6,1067,8,2,4,8,3,7,14,56,46,1906,8,159,336,34,4,32,26-07-2024 20:25
T,6,813,7,1,3,6,3,2,7,84,48,770,6,192,402,17,1,27,26-07-2024 20:25
U,6,893,11,1,3,7,3,4,8,82,44,1332,14,140,605,17,5,28,26-07-2024 20:25
V,6,504,4,1,2,4,5,1,5,62,83,1050,7,105,391,13,1,23,26-07-2024 20:25
W,6,728,11,2,3,11,6,4,7,95,64,1748,7,133,294,13,6,28,26-07-2024 20:25
X,6,448,6,1,3,3,3,1,6,32,48,560,4,100,282,7,1,18,26-07-2024 20:25
A,7,5033,38,14,27,38,3,35,70,742,74,7000,11,350,1400,403,253,97,26-07-2024 20:25
B,7,4106,25,7,14,33,3,69,114,315,96,6300,8,645,1260,315,254,65,26-07-2024 20:25
C,7,7143,20,12,24,68,3,32,122,478,103,10803,6,534,1540,420,245,75,26-07-2024 20:25
D,7,2362,15,4,12,18,5,7,29,105,62,2801,11,210,560,35,23,50,26-07-2024 20:25
E,7,1260,27,2,4,9,3,8,15,138,97,2065,15,383,871,55,17,45,26-07-2024 20:25
F,7,980,8,3,3,7,3,6,11,70,53,2183,17,193,829,21,15,50,26-07-2024 20:25
G,7,1120,11,3,6,13,3,8,11,133,100,1610,11,189,817,25,14,45,26-07-2024 20:25
H,7,1240,8,4,4,9,5,5,8,113,82,1260,7,268,350,18,9,35,26-07-2024 20:25
I,7,700,12,2,2,5,5,7,7,56,85,1840,10,288,280,14,4,30,26-07-2024 20:25
J,7,1176,18,4,4,10,3,13,16,74,46,1680,11,378,476,27,8,52,26-07-2024 20:25
K,7,1457,12,2,5,19,6,6,19,67,49,1470,15,168,690,22,7,38,26-07-2024 20:25
L,7,1008,9,4,6,8,3,5,8,62,70,2395,8,154,372,26,6,32,26-07-2024 20:25
M,7,896,17,3,3,14,3,9,9,63,46,2177,10,290,364,38,10,35,26-07-2024 20:25
N,7,805,7,2,3,9,3,3,8,77,48,980,8,140,310,15,3,30,26-07-2024 20:25
O,7,1007,19,2,3,12,3,11,18,106,68,2242,9,227,559,24,11,37,26-07-2024 20:25
P,7,839,6,2,3,11,6,4,6,49,49,910,11,133,266,25,2,28,26-07-2024 20:25
Q,7,1722,17,5,12,17,3,7,9,119,88,1260,11,305,501,24,6,35,26-07-2024 20:25
R,7,616,6,2,3,9,6,5,8,46,48,1008,6,126,504,12,4,27,26-07-2024 20:25
S,7,888,9,3,3,11,3,5,8,56,46,2467,14,288,336,23,9,37,26-07-2024 20:25
T,7,560,5,1,2,4,4,4,10,47,96,1528,6,130,238,11,1,23,26-07-2024 20:25
U,7,990,11,2,3,12,3,6,8,53,44,1358,9,140,308,14,4,28,26-07-2024 20:25
V,7,504,6,2,2,4,3,3,4,35,87,630,6,210,210,9,1,26.4,26-07-2024 20:25
W,7,728,13,1,3,5,3,3,13,76,90,1555,13,170,294,13,4,42,26-07-2024 20:25
X,7,738,4,2,2,6,4,2,4,44,48,560,5,133,196,12,1,20,26-07-2024 20:25
A,8,4200,40,15,14,36,6,35,78,350,63,12536,7,382,1400,350,307,77,26-07-2024 20:25
B,8,3920,25,14,20,62,3,73,67,476,64,12913,14,596,2672,402,196,65,26-07-2024 20:25
C,8,7879,20,13,26,99,6,32,77,420,87,8363,9,600,2377,420,245,75,26-07-2024 20:25
D,8,1400,22,3,5,13,3,15,14,105,81,2620,13,210,560,35,14,54,26-07-2024 20:25
E,8,1260,18,4,8,19,4,9,23,84,46,2564,13,215,490,28,16,67,26-07-2024 20:25
F,8,980,10,2,6,7,4,6,11,70,84,1400,9,358,420,38,10,46,26-07-2024 20:25
G,8,1120,11,2,7,15,3,9,11,77,48,1610,11,189,455,49,14,48,26-07-2024 20:25
H,8,840,9,2,4,6,4,9,8,63,65,2020,7,275,387,18,9,40.6,26-07-2024 20:25
I,8,839,7,2,4,6,3,4,7,64,48,1050,10,232,280,14,4,37,26-07-2024 20:25
J,8,1176,10,3,4,9,3,6,17,74,96,1680,18,182,570,27,8,56,26-07-2024 20:25
K,8,1064,17,2,4,8,3,7,10,87,71,2081,12,284,406,30,13,38,26-07-2024 20:25
L,8,784,8,3,3,6,5,4,16,82,48,1449,8,222,403,27,8,40,26-07-2024 20:25
M,8,896,10,1,3,7,3,5,16,63,46,1260,15,158,364,20,7,48,26-07-2024 20:25
N,8,728,9,3,4,5,3,4,9,54,48,1555,14,140,294,29,5,30,26-07-2024 20:25
O,8,2054,12,4,7,31,5,10,10,67,46,1330,10,165,392,20,6,37,26-07-2024 20:25
P,8,1342,7,2,6,10,6,4,6,49,96,1414,7,267,523,13,2,28,26-07-2024 20:25
Q,8,952,8,3,4,10,6,4,9,84,58,1260,10,154,378,19,9,35,26-07-2024 20:25
R,8,1009,7,2,5,12,6,4,8,46,58,840,11,148,457,25,4,31,26-07-2024 20:25
S,8,840,13,1,3,6,3,4,8,105,58,1190,14,261,336,17,4,32,26-07-2024 20:25
T,8,560,5,1,4,4,4,3,8,42,48,770,6,120,424,11,3,26,26-07-2024 20:25
U,8,784,13,2,5,11,5,4,16,67,69,1887,15,140,369,14,4,28,26-07-2024 20:25
V,8,566,6,2,2,9,7,3,7,35,50,1188,5,176,210,8,1,20,26-07-2024 20:25
W,8,728,10,1,2,5,4,4,7,86,56,980,10,133,574,13,3,35,26-07-2024 20:25
X,8,591,6,1,2,7,3,1,4,32,102,560,6,123,237,13,1,18,26-07-2024 20:25
A,9,4200,21,7,30,35,4,46,137,364,82,8142,7,570,1400,350,356,76,26-07-2024 20:25
B,9,5966,42,10,29,48,3,48,116,331,106,6300,17,489,1260,398,368,65,26-07-2024 20:25
C,9,8096,20,28,51,93,5,32,77,566,88,7700,12,445,2144,818,245,75,26-07-2024 20:25
D,9,1400,11,4,5,15,3,7,14,105,49,2100,21,210,750,57,16,50,26-07-2024 20:25
E,9,2190,13,6,11,24,4,13,17,84,46,3192,16,324,515,40,15,45,26-07-2024 20:25
F,9,1581,10,5,5,12,3,6,11,103,53,1400,17,175,849,23,7,59,26-07-2024 20:25
G,9,1120,11,2,8,11,3,9,11,77,48,1610,18,189,472,45,8,42,26-07-2024 20:25
H,9,1526,8,3,7,11,3,9,8,76,50,1260,11,223,365,22,6,35,26-07-2024 20:25
I,9,700,12,1,2,9,4,4,7,56,48,1050,10,284,280,14,4,30.6,26-07-2024 20:25
J,9,1176,10,3,5,9,5,11,20,74,82,1680,12,182,621,27,8,40,26-07-2024 20:25
K,9,1064,14,4,4,10,3,8,14,67,68,3023,9,168,521,35,6,38,26-07-2024 20:25
L,9,1060.51,8,2,4,8,5,4,8,95,60,1639,11,147,500,28,5,34,26-07-2024 20:25
M,9,896,12,2,4,13,3,5,9,70,46,2292,10,239,725,20,8,35,26-07-2024 20:25
N,9,1097,9,2,6,10,3,5,7,92,48,1573,8,140,513,15,4,40,26-07-2024 20:25
O,9,2113,9,7,7,16,3,6,10,81,46,1330,17,165,509,20,9,37,26-07-2024 20:25
P,9,883,8,1,3,13,4,6,12,49,49,1907,7,133,266,22,2,34,26-07-2024 20:25
Q,9,952,8,3,5,7,3,4,9,100,46,1260,12,154,793,19,10,35,26-07-2024 20:25
R,9,616,10,1,2,5,3,3,6,46,69,840,8,126,505,24,2,25,26-07-2024 20:25
S,9,1491,8,3,5,13,3,7,15,56,46,2345,8,147,336,26,4,47,26-07-2024 20:25
T,9,560,10,1,3,6,4,3,8,42,67,1366,8,119,238,11,1,31.6,26-07-2024 20:25
U,9,1199,7,3,4,12,3,4,8,91,94,1050,7,140,501,23,4,28,26-07-2024 20:25
V,9,504,7,1,2,4,3,3,4,72,73,995,9,126,257,8,1,26,26-07-2024 20:25
W,9,869,11,2,3,11,3,5,7,84,49,1214,7,146,568,13,3,28,26-07-2024 20:25
